{"type":"FeatureCollection","features":[{"type":"Feature","properties":{"n":"Cordillère australienne","r":1,"g":"Oceania"},"geometry":{"type":"Polygon","coordinates":[[[146.854,-38.022],[146.66,-38.027],[146.164,-38.009],[146.064,-37.993],[145.975,-37.965],[145.812,-37.895],[145.723,-37.87],[144.906,-37.752],[144.345,-37.632],[144.126,-37.611],[144.036,-37.584],[143.96,-37.532],[143.891,-37.444],[143.839,-37.358],[143.809,-37.281],[143.811,-37.206],[143.852,-37.126],[144.013,-37.008],[144.229,-36.956],[145.471,-36.897],[145.852,-36.827],[146.217,-36.658],[146.937,-36.206],[147.792,-35.588],[147.995,-35.395],[148.177,-35.18],[148.338,-34.938],[148.672,-34.307],[149.086,-33.372],[149.166,-33.122],[149.208,-32.853],[149.212,-32.539],[149.18,-32.226],[149.112,-31.962],[149.061,-31.839],[149.04,-31.78],[149.024,-31.711],[148.998,-31.518],[148.995,-31.417],[149.009,-31.325],[149.074,-31.189],[149.18,-31.048],[149.75,-30.416],[150.037,-30.153],[150.223,-30.01],[150.424,-29.885],[150.628,-29.792],[151.022,-29.58],[151.303,-29.275],[151.482,-28.894],[151.573,-28.459],[151.595,-27.756],[151.646,-27.297],[151.615,-27.071],[151.531,-26.856],[151.393,-26.663],[151.333,-26.612],[151.264,-26.573],[151.123,-26.503],[150.897,-26.349],[150.817,-26.304],[150.688,-26.257],[150.554,-26.231],[150.192,-26.21],[150.154,-26.208],[149.825,-26.165],[148.662,-26.011],[148.41,-25.987],[148.258,-25.949],[148.123,-25.878],[147.528,-25.406],[147.218,-25.078],[147.11,-24.983],[146.364,-24.493],[146.243,-24.391],[146.135,-24.278],[145.625,-23.625],[145.487,-23.404],[144.49,-21.531],[144.08,-20.602],[144.014,-20.397],[143.962,-20.189],[143.93,-19.982],[143.916,-19.437],[143.893,-19.265],[143.862,-19.174],[143.773,-19],[143.738,-18.907],[143.716,-18.813],[143.699,-18.716],[143.689,-18.62],[143.667,-18.029],[143.614,-17.533],[143.264,-15.496],[143.065,-14.84],[143.031,-14.73],[142.983,-14.51],[142.894,-13.829],[142.843,-13.644],[142.715,-13.291],[142.681,-13.096],[142.69,-12.913],[142.746,-12.743],[142.86,-12.658],[143.04,-12.731],[143.174,-12.893],[143.284,-13.111],[143.363,-13.345],[143.476,-13.879],[143.531,-14.036],[143.606,-14.188],[143.803,-14.508],[143.805,-14.51],[143.918,-14.663],[144.043,-14.795],[144.181,-14.896],[144.639,-15.133],[144.779,-15.253],[144.879,-15.396],[145.614,-16.796],[145.695,-16.95],[145.829,-17.319],[145.882,-17.699],[145.883,-17.99],[145.89,-18.097],[145.892,-18.134],[145.914,-18.275],[146.067,-18.683],[146.311,-18.995],[146.635,-19.238],[147.141,-19.495],[147.358,-19.621],[147.726,-19.862],[147.97,-20.049],[148.204,-20.252],[148.429,-20.472],[148.622,-20.69],[148.799,-20.921],[148.881,-21.018],[148.973,-21.111],[149.057,-21.208],[149.117,-21.318],[149.575,-22.523],[149.68,-22.696],[149.809,-22.85],[149.98,-23.008],[150.534,-23.463],[150.793,-23.702],[152.555,-25.862],[152.636,-25.995],[152.702,-26.139],[152.747,-26.305],[152.783,-26.645],[152.849,-27.059],[152.874,-27.134],[152.92,-27.23],[152.939,-27.278],[152.98,-27.491],[153.023,-27.645],[153.206,-28.107],[153.249,-28.276],[153.275,-28.448],[153.3,-28.902],[153.29,-29.179],[153.273,-29.315],[153.242,-29.451],[153.199,-29.584],[153.091,-29.829],[152.98,-30.038],[152.962,-30.083],[152.928,-30.273],[152.743,-30.998],[152.675,-31.197],[152.475,-31.663],[152.103,-32.367],[152.011,-32.482],[151.284,-33.226],[151.126,-33.414],[151.007,-33.601],[150.919,-33.801],[150.778,-34.223],[150.646,-34.555],[150.32,-35.189],[149.996,-35.744],[149.869,-35.994],[149.772,-36.255],[149.717,-36.536],[149.707,-36.825],[149.674,-36.957],[149.586,-37.081],[149.463,-37.186],[149.319,-37.281],[149.171,-37.359],[149.033,-37.409],[148.603,-37.485],[148.461,-37.523],[147.548,-37.885],[147.232,-37.974],[147.046,-38.005],[146.854,-38.022]]]}},{"type":"Feature","properties":{"n":"Alpes","r":1,"g":"Europe"},"geometry":{"type":"Polygon","coordinates":[[[15.315,46.432],[15.267,46.402],[15.205,46.38],[14.992,46.32],[14.901,46.306],[14.808,46.306],[14.39,46.382],[14.053,46.415],[13.716,46.407],[13.4,46.342],[12.024,45.953],[11.809,45.917],[11.603,45.864],[11.433,45.76],[11.29,45.6],[11.213,45.562],[11.086,45.561],[9.322,45.915],[8.768,45.93],[8.315,45.807],[7.948,45.615],[7.654,45.419],[7.468,45.195],[7.412,44.905],[7.447,44.594],[7.537,44.309],[7.529,44.236],[7.51,44.079],[7.297,43.906],[7.014,43.788],[6.778,43.725],[6.401,43.666],[6.261,43.668],[6.055,43.67],[5.724,43.764],[5.388,43.975],[5.173,44.308],[5.157,44.698],[5.257,45.061],[5.388,45.316],[5.503,45.477],[5.627,45.631],[5.79,45.794],[6.516,46.418],[6.87,46.68],[7.435,47.009],[8.011,47.268],[8.577,47.456],[9.078,47.584],[11.118,47.968],[11.668,48.014],[15.115,48.09],[15.531,48.138],[15.826,48.155],[16.029,48.089],[16.146,48.004],[16.183,47.961],[16.162,47.849],[16.102,47.701],[16.012,47.56],[15.901,47.467],[15.773,47.409],[15.522,47.278],[15.405,47.2],[15.326,47.128],[15.297,47.059],[15.301,46.981],[15.352,46.771],[15.373,46.647],[15.368,46.527],[15.315,46.432]]]}},{"type":"Feature","properties":{"n":"Tian Shan","r":1,"g":"Asia"},"geometry":{"type":"MultiPolygon","coordinates":[[[[74.734,42.683],[74.599,42.691],[74.392,42.705],[74.707,42.689],[74.734,42.683]]],[[[74.392,42.705],[73.852,42.733],[74.599,42.691],[74.747,42.68],[74.734,42.683],[75.091,42.663],[75.416,42.718],[76.323,43.213],[83.413,43.555],[83.58,43.599],[83.654,43.619],[84.392,43.963],[85.676,44.061],[86.703,44.139],[87.991,43.905],[90.297,43.878],[92.108,44.175],[94.929,43.895],[95.011,43.874],[95.081,43.837],[95.137,43.779],[95.18,43.695],[95.209,43.578],[95.221,43.295],[95.168,43.063],[95.058,42.878],[94.899,42.737],[94.7,42.636],[94.47,42.573],[93.952,42.546],[93.815,42.563],[93.7,42.596],[93.509,42.7],[93.14,42.99],[92.936,43.093],[92.726,43.141],[90.957,43.159],[90.721,43.095],[90.567,42.984],[90.529,42.815],[90.029,42.686],[89.781,42.661],[89.65,42.672],[88.859,42.952],[88.726,42.957],[88.602,42.923],[88.494,42.839],[88.469,42.803],[88.453,42.766],[88.424,42.615],[88.412,42.579],[88.391,42.546],[88.358,42.51],[87.28,41.849],[86.877,41.73],[86.599,41.713],[84.488,41.997],[82.166,41.663],[77.175,39.886],[74.853,39.66],[73.057,39.754],[73.011,39.769],[72.986,39.8],[72.977,39.853],[72.99,40.02],[73.211,40.674],[73.354,41.795],[73.34,41.916],[73.124,42.423],[73.124,42.507],[73.198,42.649],[73.331,42.732],[73.508,42.767],[74.392,42.705]]]]}},{"type":"Feature","properties":{"n":"Oural","r":1,"g":"Europe"},"geometry":{"type":"Polygon","coordinates":[[[57.755,51.7],[57.379,51.567],[57.018,51.607],[56.694,51.773],[56.434,52.04],[56.269,52.382],[56.22,53.103],[56.407,53.788],[56.697,54.371],[56.957,54.784],[57.13,55.241],[57.604,57.598],[57.646,58.166],[57.66,59.364],[57.743,59.97],[57.934,60.609],[58.177,61.219],[58.258,61.394],[58.418,61.738],[58.483,61.956],[58.571,62.255],[58.617,62.833],[58.607,63.05],[58.573,63.789],[58.573,63.79],[58.624,64.108],[58.782,64.431],[59.191,65.082],[59.425,65.356],[59.746,65.532],[60.117,65.624],[60.877,65.67],[61.601,65.826],[62.249,65.925],[62.501,65.994],[62.725,66.102],[63.23,66.462],[63.592,66.659],[63.938,66.82],[64.178,66.909],[64.334,66.99],[64.482,67.125],[64.755,67.414],[64.882,67.496],[65.018,67.53],[65.169,67.549],[65.344,67.583],[65.345,67.584],[65.482,67.71],[65.53,67.863],[65.548,67.922],[65.593,68.126],[65.655,68.212],[65.668,68.229],[65.695,68.237],[65.867,68.289],[65.979,68.322],[65.983,68.323],[66.215,68.358],[66.263,68.355],[66.306,68.353],[66.511,68.342],[66.765,68.218],[66.89,67.982],[66.91,67.68],[66.848,67.358],[66.632,67.106],[66.242,66.956],[65.331,66.796],[64.916,66.697],[64.514,66.563],[64.183,66.415],[63.982,66.276],[63.803,66.127],[63.529,65.957],[63.207,65.802],[62.886,65.7],[62.609,65.632],[62.385,65.544],[62.212,65.422],[61.956,65.075],[61.744,64.938],[61.402,64.828],[60.877,64.731],[60.41,64.552],[60.197,64.269],[60.004,63.529],[59.939,63.11],[59.865,62.16],[59.853,61.252],[59.792,60.755],[59.519,59.815],[59.535,59.464],[59.88,58.014],[60.321,56.621],[60.413,56.161],[60.32,55.777],[60.06,55.295],[59.66,54.8],[59.391,54.567],[59.331,54.515],[58.727,53.994],[58.525,53.579],[58.463,53.16],[58.46,52.761],[58.36,52.367],[58.104,51.99],[57.755,51.7]]]}},{"type":"Feature","properties":{"n":"Caucase","r":1,"g":"Europe"},"geometry":{"type":"Polygon","coordinates":[[[37.984,44.988],[38.131,44.993],[38.447,45.024],[39.326,45.057],[39.507,45.064],[39.752,45.046],[40.003,45.029],[40.173,45.028],[40.373,45.028],[40.491,45.011],[40.607,44.973],[40.656,44.949],[40.931,44.815],[41.007,44.789],[41.164,44.744],[41.237,44.708],[41.297,44.662],[41.413,44.561],[41.476,44.518],[41.563,44.474],[42.322,44.17],[42.559,44.093],[42.606,44.084],[42.812,44.042],[43.422,43.991],[43.47,43.987],[43.898,43.902],[44.129,43.856],[44.248,43.819],[44.363,43.769],[44.397,43.751],[44.711,43.583],[44.782,43.532],[44.908,43.42],[44.949,43.39],[44.979,43.369],[45.062,43.325],[45.304,43.276],[45.519,43.321],[45.731,43.397],[45.967,43.444],[46.1,43.425],[46.163,43.416],[46.551,43.28],[46.696,43.27],[46.743,43.267],[46.91,43.268],[47.044,43.215],[47.068,43.189],[47.144,43.107],[47.21,42.942],[47.219,42.873],[47.22,42.864],[47.223,42.803],[47.224,42.779],[47.234,42.698],[47.262,42.629],[47.333,42.568],[47.434,42.521],[47.631,42.454],[47.739,42.407],[48.21,42.153],[48.271,42.112],[48.291,42.096],[48.303,42.08],[48.384,41.953],[48.426,41.924],[48.477,41.905],[48.555,41.855],[48.666,41.679],[48.753,41.596],[48.848,41.519],[48.939,41.435],[49.014,41.347],[49.17,41.13],[49.175,41.116],[49.226,41.026],[49.291,40.962],[49.315,40.929],[49.418,40.742],[49.462,40.558],[49.463,40.554],[49.464,40.554],[49.39,40.415],[49.248,40.371],[49.083,40.376],[48.917,40.411],[48.775,40.453],[48.599,40.517],[47.485,41.036],[47.29,41.149],[46.91,41.401],[46.706,41.505],[46.495,41.561],[46.388,41.567],[46.063,41.56],[45.947,41.571],[45.839,41.595],[45.732,41.631],[45.621,41.676],[45.425,41.775],[45.228,41.889],[45.028,41.986],[44.824,42.036],[44.672,42.052],[44.527,42.081],[44.388,42.125],[44.123,42.239],[43.989,42.261],[42.971,42.264],[42.869,42.276],[42.771,42.3],[42.476,42.413],[42.376,42.433],[41.731,42.471],[41.605,42.501],[41.55,42.532],[41.522,42.561],[41.489,42.659],[41.419,42.738],[41.396,42.745],[41.395,42.747],[41.369,42.774],[41.34,42.797],[40.579,43.212],[40.44,43.273],[40.039,43.422],[40.007,43.437],[39.945,43.469],[39.907,43.482],[39.851,43.493],[39.842,43.496],[39.618,43.655],[39.407,43.843],[39.188,44.011],[38.989,44.147],[38.783,44.272],[38.248,44.54],[38.163,44.571],[37.985,44.607],[37.947,44.618],[37.851,44.699],[37.79,44.683],[37.491,44.821],[37.298,44.886],[37.294,44.888],[37.284,44.905],[37.207,44.97],[37.207,45.018],[37.207,45.025],[37.221,45.043],[37.243,45.071],[37.306,45.099],[37.391,45.098],[37.49,45.076],[37.674,45.023],[37.837,44.997],[37.984,44.988]]]}},{"type":"Feature","properties":{"n":"Himalaya","r":1,"g":"Asia"},"geometry":{"type":"Polygon","coordinates":[[[84.908,29.179],[87.394,29.134],[87.717,29.257],[88.058,29.32],[92.473,29.103],[93.202,28.907],[93.366,28.888],[93.52,28.898],[93.619,28.927],[93.903,29.113],[94.394,29.243],[94.777,29.426],[94.906,29.488],[95.164,29.728],[95.214,29.757],[95.271,29.775],[95.331,29.782],[95.393,29.778],[95.455,29.761],[95.515,29.732],[95.569,29.691],[95.617,29.637],[95.643,29.595],[95.651,29.582],[95.656,29.564],[95.663,29.541],[95.656,29.51],[95.632,29.486],[94.959,29.194],[94.895,29.151],[94.847,29.104],[94.796,29.01],[94.791,28.922],[94.821,28.84],[94.878,28.765],[95.255,28.475],[95.283,28.434],[95.289,28.397],[95.275,28.322],[95.273,28.276],[95.287,28.218],[95.31,28.175],[95.327,28.144],[94.909,27.802],[94.347,27.343],[93.83,27.124],[91.682,26.86],[89.645,26.903],[89.59,26.904],[89.383,26.954],[89.198,27.028],[88.9,27.148],[88.801,27.16],[88.687,27.149],[88.653,27.137],[88.251,26.988],[87.781,26.904],[87.019,27.027],[85.337,27.297],[84.666,27.573],[83.859,27.701],[83.73,27.747],[83.501,27.875],[83.297,27.952],[82.487,28.015],[82.398,28.049],[82,28.379],[79.305,29.959],[77.314,31.126],[75.949,32.226],[75.72,32.411],[75.582,32.602],[75.554,32.681],[75.522,32.773],[75.531,32.92],[75.595,33.049],[76.092,33.527],[76.2,33.671],[76.273,33.743],[76.382,33.791],[77,33.866],[77.376,33.912],[77.49,33.872],[78.029,33.523],[78.224,33.397],[84.521,29.319],[84.908,29.179]]]}},{"type":"Feature","properties":{"n":"cordillère des Andes","r":1,"g":"South America"},"geometry":{"type":"MultiPolygon","coordinates":[[[[-68.336,10.736],[-68.331,10.654],[-68.33,10.638],[-68.324,10.532],[-68.289,10.531],[-68.259,10.531],[-68.186,10.53],[-68.14,10.493],[-67.872,10.472],[-67.581,10.524],[-67.536,10.523],[-66.122,10.508],[-66.091,10.477],[-66.09,10.473],[-66.03,10.419],[-65.82,10.214],[-68.748,9.791],[-68.783,9.77],[-69.277,9.473],[-69.433,9.349],[-70.79,8.263],[-70.864,8.203],[-71.384,7.726],[-71.432,7.682],[-71.843,7.304],[-71.7,6.444],[-71.687,6.363],[-71.746,6.291],[-71.759,6.275],[-73.483,4.174],[-73.563,4.076],[-73.576,3.979],[-73.632,3.545],[-73.74,2.717],[-73.781,2.408],[-73.794,2.308],[-73.871,2.263],[-73.904,2.244],[-76.685,0.636],[-77.479,-1.322],[-77.32,-4.55],[-75.521,-6.296],[-75.318,-9.038],[-75.318,-9.042],[-75.309,-9.153],[-74.023,-10.44],[-73.912,-10.551],[-73.193,-11.27],[-72.291,-11.779],[-72.276,-11.787],[-71.59,-12.174],[-71.286,-12.345],[-71.129,-12.434],[-70.199,-12.879],[-68.746,-13.574],[-68.034,-13.914],[-66.653,-15.412],[-65.21,-16.978],[-64.691,-17.215],[-63.509,-17.755],[-63.456,-17.779],[-63.416,-18.036],[-63.138,-19.823],[-63.116,-19.962],[-63.086,-20.16],[-63.736,-22.807],[-63.827,-23.176],[-63.874,-23.359],[-64.303,-25.028],[-64.357,-25.222],[-64.567,-25.981],[-65.437,-27.125],[-65.508,-27.219],[-65.573,-27.304],[-65.565,-27.321],[-65.096,-28.362],[-66.631,-29.42],[-67.241,-30.912],[-67.491,-31.523],[-67.584,-31.749],[-67.964,-32.049],[-68.07,-32.133],[-68.589,-32.543],[-69.065,-34.024],[-69.383,-35.506],[-69.171,-35.982],[-68.695,-36.088],[-69.647,-38.522],[-70.812,-41.697],[-71.076,-42.967],[-70.706,-44.555],[-70.97,-45.772],[-72.346,-49.635],[-72.187,-50.799],[-71.976,-52.069],[-71.129,-52.545],[-70.808,-52.805],[-70.839,-52.89],[-70.821,-52.963],[-70.952,-53.227],[-70.984,-53.374],[-70.985,-53.448],[-70.948,-53.57],[-70.996,-53.779],[-71.083,-53.825],[-71.298,-53.883],[-71.444,-53.841],[-71.694,-53.803],[-71.872,-53.723],[-72.101,-53.666],[-72.174,-53.632],[-72.377,-53.471],[-72.398,-53.418],[-72.413,-53.35],[-72.306,-53.254],[-72.249,-53.247],[-72.081,-53.25],[-71.942,-53.234],[-71.853,-53.286],[-71.828,-53.398],[-71.867,-53.458],[-71.903,-53.496],[-71.892,-53.524],[-71.791,-53.485],[-71.741,-53.233],[-71.4,-53.107],[-71.289,-53.034],[-71.18,-52.921],[-71.163,-52.888],[-71.155,-52.846],[-71.227,-52.811],[-71.388,-52.764],[-71.898,-53.002],[-72.129,-53.064],[-72.278,-53.132],[-72.458,-53.254],[-72.493,-53.291],[-72.531,-53.372],[-72.549,-53.461],[-72.727,-53.42],[-72.998,-53.291],[-73.053,-53.243],[-72.998,-53.177],[-72.916,-53.122],[-72.91,-52.937],[-72.889,-52.872],[-72.832,-52.82],[-72.728,-52.762],[-72.676,-52.749],[-72.632,-52.774],[-72.627,-52.818],[-72.453,-52.814],[-72.118,-52.65],[-71.979,-52.646],[-71.797,-52.683],[-71.591,-52.661],[-71.554,-52.644],[-71.511,-52.605],[-71.665,-52.56],[-71.812,-52.537],[-72.226,-52.521],[-72.315,-52.539],[-72.438,-52.626],[-72.478,-52.604],[-72.504,-52.56],[-72.645,-52.529],[-72.712,-52.536],[-72.777,-52.577],[-72.766,-52.643],[-72.802,-52.712],[-72.932,-52.782],[-73.02,-52.892],[-73.016,-52.977],[-73.023,-53.022],[-73.055,-53.046],[-73.122,-53.074],[-73.338,-53.055],[-73.46,-52.965],[-73.508,-52.904],[-73.645,-52.837],[-73.346,-52.754],[-73.241,-52.707],[-73.145,-52.602],[-73.073,-52.535],[-73.124,-52.488],[-73.184,-52.488],[-73.178,-52.563],[-73.244,-52.624],[-73.382,-52.595],[-73.586,-52.686],[-73.685,-52.667],[-73.738,-52.212],[-73.703,-52.199],[-73.685,-52.137],[-73.684,-52.078],[-73.649,-52.078],[-73.532,-52.153],[-73.458,-52.146],[-73.327,-52.166],[-73.26,-52.158],[-73.137,-52.13],[-72.944,-52.047],[-72.843,-51.961],[-72.795,-51.95],[-72.735,-51.961],[-72.695,-51.985],[-72.695,-52.045],[-72.65,-52.1],[-72.588,-52.145],[-72.571,-52.2],[-72.583,-52.254],[-72.694,-52.33],[-72.714,-52.357],[-72.677,-52.385],[-72.631,-52.372],[-72.569,-52.334],[-72.533,-52.282],[-72.523,-52.255],[-72.519,-52.217],[-72.524,-52.17],[-72.614,-52.037],[-72.625,-52.007],[-72.625,-51.946],[-72.523,-51.891],[-72.494,-51.848],[-72.49,-51.764],[-72.543,-51.706],[-72.761,-51.573],[-73.127,-51.44],[-73.169,-51.454],[-73.197,-51.478],[-73.163,-51.496],[-73.115,-51.504],[-72.789,-51.614],[-72.705,-51.678],[-72.649,-51.695],[-72.583,-51.737],[-72.6,-51.799],[-72.928,-51.86],[-73.189,-51.991],[-73.383,-52.07],[-73.518,-52.041],[-73.582,-51.96],[-73.65,-51.856],[-73.753,-51.796],[-73.811,-51.801],[-73.854,-51.791],[-73.929,-51.609],[-73.896,-51.331],[-73.94,-51.266],[-74.096,-51.205],[-74.305,-50.7],[-74.312,-50.59],[-74.19,-50.778],[-74.156,-50.797],[-74.139,-50.818],[-73.847,-50.94],[-73.807,-50.938],[-73.825,-50.836],[-73.741,-50.697],[-73.659,-50.651],[-73.618,-50.651],[-73.614,-50.628],[-73.693,-50.57],[-73.654,-50.493],[-73.68,-50.49],[-73.75,-50.54],[-73.892,-50.783],[-73.978,-50.827],[-74.097,-50.717],[-74.164,-50.638],[-74.197,-50.61],[-74.186,-50.485],[-73.95,-50.511],[-74.031,-50.47],[-74.306,-50.398],[-74.325,-50.388],[-74.351,-49.991],[-74.334,-49.975],[-74.019,-50.023],[-73.959,-49.995],[-74.011,-49.929],[-74.073,-49.949],[-74.171,-49.907],[-74.324,-49.783],[-74.319,-49.72],[-74.291,-49.604],[-74.23,-49.579],[-74.102,-49.555],[-73.956,-49.593],[-73.892,-49.624],[-73.836,-49.609],[-73.892,-49.523],[-73.988,-49.491],[-74.094,-49.43],[-74.083,-49.362],[-74.049,-49.306],[-74.023,-49.244],[-74.006,-49.158],[-74.015,-49.091],[-73.985,-49.06],[-73.938,-49.046],[-73.935,-49.021],[-74.028,-49.026],[-74.061,-49.111],[-74.074,-49.188],[-74.14,-49.25],[-74.168,-49.321],[-74.185,-49.404],[-74.221,-49.501],[-74.302,-49.464],[-74.349,-49.426],[-74.367,-49.4],[-74.358,-49.351],[-74.38,-49.048],[-74.382,-48.794],[-74.341,-48.596],[-74.228,-48.517],[-74.176,-48.494],[-74.129,-48.504],[-74.057,-48.504],[-74.009,-48.475],[-74.172,-48.427],[-74.27,-48.455],[-74.343,-48.493],[-74.402,-48.48],[-74.397,-48.014],[-74.25,-48.045],[-73.854,-48.042],[-73.528,-48.198],[-73.384,-48.177],[-73.391,-48.146],[-73.501,-48.107],[-73.57,-48.019],[-73.61,-47.994],[-73.629,-47.942],[-73.635,-47.88],[-73.716,-47.655],[-73.748,-47.661],[-73.779,-47.738],[-73.847,-47.867],[-73.941,-47.929],[-74.085,-47.955],[-74.227,-47.969],[-74.351,-47.944],[-74.379,-47.891],[-74.376,-47.83],[-74.394,-47.82],[-74.392,-47.652],[-74.384,-47.616],[-74.323,-47.667],[-74.243,-47.679],[-74.152,-47.627],[-74.134,-47.591],[-74.191,-47.568],[-74.243,-47.56],[-74.324,-47.531],[-74.361,-47.508],[-74.352,-47.467],[-74.351,-47.461],[-74.309,-47.268],[-74.216,-47.21],[-74.158,-47.183],[-74.208,-47.083],[-74.152,-46.974],[-74.209,-46.885],[-74.223,-46.872],[-74.217,-46.847],[-73.708,-46.027],[-73.708,-46.07],[-73.811,-46.377],[-73.935,-46.501],[-73.949,-46.533],[-73.944,-46.572],[-73.845,-46.566],[-73.77,-46.5],[-73.716,-46.415],[-73.662,-46.297],[-73.668,-46.212],[-73.652,-46.159],[-73.629,-45.987],[-73.592,-45.899],[-73.593,-45.841],[-73.587,-45.831],[-73.48,-45.443],[-73.379,-45.383],[-73.266,-45.346],[-73.202,-45.354],[-72.978,-45.451],[-72.934,-45.452],[-72.941,-45.417],[-72.976,-45.393],[-73.064,-45.36],[-73.226,-45.255],[-73.425,-45.24],[-73.352,-44.977],[-73.256,-44.961],[-73.078,-44.92],[-72.739,-44.734],[-72.68,-44.594],[-72.664,-44.436],[-72.828,-44.395],[-73.001,-44.292],[-73.141,-44.237],[-73.149,-44.233],[-73.074,-43.96],[-73.07,-43.947],[-72.823,-43.044],[-72.758,-43.039],[-72.755,-42.993],[-72.766,-42.908],[-72.78,-42.89],[-72.678,-42.514],[-72.655,-42.517],[-72.632,-42.51],[-72.665,-42.47],[-72.659,-42.448],[-72.66,-42.208],[-72.631,-42.2],[-72.548,-42.256],[-72.43,-42.434],[-72.412,-42.388],[-72.46,-42.207],[-72.499,-41.981],[-72.624,-42.011],[-72.66,-42.005],[-72.661,-41.743],[-72.66,-41.742],[-72.486,-41.722],[-72.36,-41.649],[-72.318,-41.499],[-72.359,-41.514],[-72.428,-41.646],[-72.542,-41.691],[-72.601,-41.684],[-72.661,-41.662],[-72.662,-41.47],[-72.664,-40.745],[-71.944,-38.073],[-71.923,-37.993],[-71.746,-36.794],[-71.528,-35.32],[-71.447,-34.765],[-71.645,-33.568],[-71.645,-33.562],[-71.636,-33.519],[-71.646,-33.505],[-71.65,-33.086],[-71.65,-33.033],[-71.636,-33.023],[-71.592,-32.97],[-71.452,-32.66],[-71.461,-32.538],[-71.421,-32.387],[-71.513,-32.208],[-71.526,-31.806],[-71.577,-31.496],[-71.662,-31.17],[-71.654,-30.987],[-71.671,-30.911],[-71.676,-30.383],[-71.669,-30.33],[-71.4,-30.143],[-71.348,-29.933],[-71.316,-29.65],[-71.327,-29.443],[-71.353,-29.35],[-71.39,-29.308],[-71.385,-29.292],[-70.833,-27.303],[-70.46,-25.957],[-70.488,-25.405],[-70.489,-25.376],[-70.452,-25.252],[-70.445,-25.173],[-70.512,-24.942],[-70.515,-24.876],[-70.541,-24.38],[-70.544,-24.318],[-70.507,-24.13],[-70.52,-23.969],[-70.507,-23.886],[-70.488,-23.782],[-70.41,-23.656],[-70.392,-23.566],[-70.42,-23.529],[-70.512,-23.483],[-70.588,-23.368],[-70.593,-23.255],[-70.569,-23.173],[-70.566,-23.111],[-70.553,-23.066],[-70.549,-23.054],[-70.45,-23.034],[-70.389,-22.97],[-70.332,-22.849],[-70.26,-22.556],[-70.229,-22.193],[-70.185,-21.975],[-70.155,-21.867],[-70.13,-21.641],[-70.088,-21.493],[-70.08,-21.357],[-70.088,-21.253],[-70.181,-20.803],[-70.194,-20.569],[-70.194,-20.531],[-70.147,-20.23],[-70.148,-19.805],[-70.157,-19.706],[-70.198,-19.613],[-70.21,-19.487],[-70.267,-19.298],[-70.292,-18.847],[-70.297,-18.76],[-70.315,-18.439],[-70.358,-18.4],[-70.78,-18.01],[-71.396,-17.443],[-71.399,-17.422],[-71.436,-17.366],[-71.532,-17.294],[-71.575,-17.277],[-71.605,-17.25],[-71.965,-17.066],[-71.967,-17.064],[-71.975,-17.061],[-72.151,-16.971],[-72.269,-16.876],[-72.362,-16.775],[-72.468,-16.708],[-72.794,-16.615],[-72.958,-16.521],[-73.264,-16.389],[-73.4,-16.304],[-73.541,-16.26],[-73.986,-16.033],[-74.147,-15.912],[-74.151,-15.911],[-75.967,-14.571],[-76.006,-14.496],[-76.136,-14.32],[-76.175,-14.227],[-76.236,-14.177],[-76.282,-13.81],[-76.259,-13.803],[-76.184,-13.515],[-76.224,-13.371],[-76.427,-13.11],[-76.502,-12.984],[-76.555,-12.823],[-76.637,-12.728],[-76.758,-12.527],[-76.832,-12.349],[-76.994,-12.219],[-77.038,-12.173],[-77.063,-12.107],[-77.082,-12.097],[-77.156,-11.956],[-77.158,-11.923],[-77.22,-11.663],[-77.31,-11.532],[-77.428,-11.443],[-77.701,-10.926],[-77.736,-10.837],[-77.804,-10.727],[-78.364,-9.629],[-78.446,-9.371],[-78.58,-9.157],[-78.665,-8.971],[-78.755,-8.74],[-78.762,-8.617],[-78.925,-8.405],[-79.012,-8.21],[-79.164,-8.047],[-79.173,-8.04],[-80.019,-5.872],[-80.231,-4.602],[-79.966,-3.403],[-80.059,-3.248],[-80.027,-3.228],[-79.963,-3.158],[-79.922,-3.09],[-79.823,-2.777],[-79.73,-2.579],[-79.746,-2.485],[-79.822,-2.357],[-79.84,-2.168],[-79.833,-2.111],[-79.842,-2.067],[-79.893,-2.146],[-79.88,-2.424],[-79.926,-2.549],[-79.989,-2.579],[-80.03,-2.557],[-80.007,-2.354],[-80.053,-2.391],[-80.127,-2.528],[-80.249,-2.631],[-80.255,-2.665],[-80.285,-2.707],[-80.379,-2.668],[-80.428,-2.639],[-80.566,-2.415],[-80.601,-1.851],[-80.304,-0.622],[-80.282,-0.621],[-80.302,-0.613],[-80.231,-0.316],[-78.326,1.377],[-77.689,2.863],[-77.67,2.879],[-77.671,2.905],[-77.604,3.061],[-77.559,3.076],[-77.52,3.16],[-77.472,3.234],[-77.417,3.342],[-77.357,3.349],[-77.324,3.475],[-77.243,3.585],[-77.077,3.913],[-77.127,3.906],[-77.167,3.862],[-77.212,3.867],[-77.25,3.887],[-77.109,4.217],[-76.685,5.558],[-76.686,5.571],[-76.738,6.616],[-76.775,7.951],[-76.742,8.002],[-76.772,8.311],[-76.786,8.356],[-76.791,8.556],[-76.359,8.71],[-76.297,8.732],[-75.946,8.127],[-75.943,8.123],[-75.662,7.639],[-75.518,7.681],[-75.255,7.757],[-74.392,8.732],[-73.616,9.262],[-73.898,9.897],[-73.95,10.26],[-74.092,11.253],[-74.1,11.305],[-74.103,11.33],[-74.059,11.341],[-74.007,11.33],[-73.871,11.265],[-73.775,11.22],[-72.659,11.294],[-72.452,11.308],[-72.214,11.167],[-72.051,11.07],[-71.697,10.86],[-71.69,10.835],[-71.598,10.726],[-71.594,10.657],[-71.665,10.444],[-71.794,10.316],[-71.885,10.167],[-71.956,10.108],[-72.113,9.816],[-71.993,9.642],[-71.976,9.553],[-71.873,9.428],[-71.806,9.386],[-71.761,9.336],[-71.781,9.25],[-71.74,9.134],[-71.687,9.073],[-71.62,9.048],[-71.537,9.048],[-71.298,9.126],[-71.241,9.16],[-71.205,9.222],[-71.086,9.348],[-71.078,9.511],[-71.053,9.706],[-71.082,9.833],[-71.207,10.015],[-71.262,10.144],[-71.387,10.264],[-71.463,10.469],[-71.494,10.533],[-71.518,10.622],[-71.543,10.769],[-71.499,10.743],[-70.547,11.167],[-69.93,11.354],[-69.736,11.414],[-69.269,11.394],[-68.928,11.379],[-68.906,11.378],[-68.469,11.209],[-68.399,11.161],[-68.355,11.075],[-68.336,10.736]]],[[[-70.064,-53.41],[-70.09,-53.418],[-70.213,-53.414],[-70.329,-53.378],[-70.416,-53.305],[-70.46,-53.206],[-70.46,-53.143],[-70.447,-53.099],[-70.064,-53.41]]],[[[-69.436,-53.921],[-66.631,-54.397],[-66.296,-54.509],[-66.236,-54.533],[-66.165,-54.553],[-66.057,-54.588],[-65.579,-54.748],[-65.349,-54.824],[-65.305,-54.839],[-65.346,-54.878],[-65.471,-54.915],[-65.603,-54.928],[-65.723,-54.926],[-65.842,-54.91],[-65.954,-54.919],[-66.061,-54.957],[-66.172,-54.975],[-66.287,-54.978],[-66.399,-55.009],[-66.511,-55.032],[-66.628,-55.013],[-66.93,-54.925],[-67.127,-54.904],[-67.793,-54.869],[-68.007,-54.848],[-68.22,-54.818],[-68.332,-54.816],[-68.491,-54.836],[-68.619,-54.834],[-68.653,-54.854],[-68.804,-54.854],[-68.844,-54.877],[-69.082,-54.91],[-69.486,-54.859],[-69.588,-54.813],[-69.723,-54.712],[-69.772,-54.739],[-69.899,-54.782],[-70.03,-54.815],[-70.255,-54.76],[-70.259,-54.756],[-70.282,-54.752],[-70.286,-54.753],[-70.737,-54.642],[-71.465,-54.43],[-71.393,-54.4],[-71.355,-54.395],[-71.159,-54.451],[-71.08,-54.444],[-70.966,-54.42],[-70.946,-54.398],[-70.928,-54.36],[-70.898,-54.338],[-70.797,-54.327],[-70.699,-54.349],[-70.688,-54.415],[-70.701,-54.485],[-70.573,-54.504],[-70.418,-54.502],[-70.311,-54.529],[-70.298,-54.486],[-70.468,-54.373],[-70.54,-54.303],[-70.636,-54.262],[-70.76,-54.241],[-70.863,-54.11],[-70.857,-53.996],[-70.868,-53.884],[-70.644,-53.823],[-70.696,-53.727],[-70.619,-53.655],[-70.531,-53.627],[-70.443,-53.893],[-70.38,-53.987],[-70.461,-54.006],[-70.63,-54.006],[-70.535,-54.136],[-70.38,-54.181],[-70.246,-54.277],[-70.243,-54.348],[-70.169,-54.379],[-69.99,-54.381],[-69.867,-54.367],[-69.809,-54.321],[-69.742,-54.306],[-69.622,-54.364],[-69.419,-54.407],[-69.365,-54.438],[-69.325,-54.488],[-69.322,-54.543],[-69.312,-54.571],[-69.253,-54.557],[-69.169,-54.483],[-69.128,-54.458],[-69.077,-54.445],[-69.045,-54.428],[-69.044,-54.407],[-69.196,-54.354],[-69.988,-54.109],[-70.086,-54.011],[-70.151,-53.888],[-70.149,-53.761],[-70.091,-53.722],[-69.95,-53.672],[-69.794,-53.629],[-69.436,-53.921]]],[[[-68.541,-55.181],[-68.382,-55.192],[-68.33,-55.219],[-68.305,-55.239],[-68.541,-55.181]]],[[[-69.512,-54.943],[-68.901,-55.018],[-68.654,-54.958],[-68.458,-54.96],[-68.4,-55.042],[-68.598,-55.128],[-68.613,-55.156],[-68.6,-55.166],[-69.512,-54.943]]],[[[-71.952,-54.288],[-71.972,-54.207],[-72.092,-54.119],[-72.21,-54.048],[-72.146,-53.939],[-72.069,-53.921],[-71.996,-53.885],[-71.705,-53.923],[-71.554,-53.956],[-71.39,-54.033],[-71.169,-54.113],[-71.022,-54.112],[-71.023,-54.162],[-71.005,-54.247],[-71.028,-54.281],[-71.083,-54.316],[-71.118,-54.366],[-71.143,-54.374],[-71.305,-54.314],[-71.473,-54.231],[-71.558,-54.246],[-71.671,-54.225],[-71.761,-54.23],[-71.818,-54.276],[-71.924,-54.296],[-71.952,-54.288]]],[[[-72.861,-54.024],[-72.782,-53.955],[-72.764,-53.865],[-72.872,-53.849],[-72.936,-53.861],[-72.984,-53.861],[-73.039,-53.833],[-73.073,-53.875],[-73.086,-53.916],[-73.083,-53.928],[-73.284,-53.758],[-73.313,-53.733],[-73.314,-53.729],[-73.325,-53.723],[-73.326,-53.723],[-73.587,-53.503],[-73.596,-53.421],[-73.447,-53.41],[-73.366,-53.47],[-73.099,-53.512],[-73.115,-53.448],[-73.111,-53.425],[-73.074,-53.397],[-73.054,-53.394],[-73.022,-53.415],[-72.971,-53.423],[-72.947,-53.442],[-72.923,-53.482],[-72.896,-53.563],[-72.882,-53.578],[-72.809,-53.565],[-72.685,-53.558],[-72.482,-53.588],[-72.459,-53.599],[-72.373,-53.687],[-72.307,-53.725],[-72.205,-53.807],[-72.306,-53.862],[-72.366,-53.941],[-72.369,-53.981],[-72.409,-54.004],[-72.471,-54.028],[-72.563,-54.074],[-72.672,-54.079],[-72.861,-54.024]]],[[[-73.636,-53.079],[-73.549,-53.126],[-73.505,-53.14],[-73.451,-53.144],[-73.31,-53.248],[-73.302,-53.259],[-73.143,-53.341],[-73.135,-53.354],[-73.226,-53.358],[-73.409,-53.321],[-73.501,-53.318],[-73.567,-53.307],[-73.583,-53.3],[-73.596,-53.253],[-73.617,-53.23],[-73.619,-53.229],[-73.636,-53.079]]],[[[-73.179,-44.343],[-73.028,-44.384],[-72.842,-44.458],[-72.776,-44.509],[-72.764,-44.549],[-72.845,-44.638],[-72.897,-44.712],[-72.986,-44.78],[-73.228,-44.86],[-73.315,-44.841],[-73.179,-44.343]]],[[[-80.265,-2.905],[-80.25,-2.812],[-80.224,-2.753],[-80.146,-2.696],[-80.081,-2.669],[-79.997,-2.674],[-79.909,-2.726],[-80.013,-2.82],[-80.071,-2.834],[-80.093,-2.846],[-80.132,-2.973],[-80.151,-3.012],[-80.202,-3.01],[-80.265,-2.905]]],[[[-67.874,-54.93],[-67.425,-54.969],[-67.245,-54.978],[-67.107,-55.064],[-67.085,-55.115],[-67.08,-55.154],[-67.109,-55.192],[-67.173,-55.243],[-67.257,-55.282],[-67.34,-55.293],[-67.399,-55.272],[-67.429,-55.237],[-67.443,-55.201],[-67.463,-55.182],[-67.495,-55.177],[-67.535,-55.179],[-67.585,-55.192],[-67.691,-55.243],[-67.737,-55.256],[-67.768,-55.26],[-68.07,-55.221],[-68.1,-55.207],[-68.135,-55.173],[-68.174,-55.071],[-68.301,-54.981],[-68.107,-54.929],[-67.874,-54.93]]]]}},{"type":"Feature","properties":{"n":"montagnes Rocheuses","r":1,"g":"North America"},"geometry":{"type":"Polygon","coordinates":[[[-124.565,59.711],[-123.327,59.087],[-122.606,58.486],[-121.754,57.873],[-121.536,56.618],[-119.999,55.405],[-119.23,54.691],[-118.022,53.864],[-116.928,52.997],[-115.923,52.719],[-115.156,52.164],[-115.049,51.344],[-113.7,49.796],[-112.232,47.507],[-111.217,47.445],[-110.102,47.124],[-109.622,46.122],[-107.774,45.774],[-106.663,44.769],[-106.107,43.843],[-105.101,42.705],[-104.89,41.594],[-104.467,40.588],[-104.467,39.504],[-104.356,38.387],[-104.123,37.36],[-104.123,36.434],[-104.599,35.773],[-105.154,35.434],[-106.001,35.27],[-106.593,35.299],[-106.678,35.402],[-107.007,35.799],[-107.016,36.233],[-107.017,36.259],[-107.048,37.002],[-107.381,37.026],[-107.407,37.029],[-108.155,37.112],[-108.44,37.397],[-108.42,37.474],[-108.303,37.917],[-107.589,38.366],[-107.575,38.462],[-107.509,38.921],[-108.237,38.881],[-108.964,39.265],[-110.299,39.015],[-110.975,38.381],[-111.795,37.731],[-112.774,37.36],[-113.193,37.58],[-113.268,37.62],[-113.277,37.625],[-112.907,37.943],[-112.52,38.523],[-112.43,38.657],[-111.843,39.266],[-111.69,39.424],[-111.637,40.535],[-111.822,40.836],[-111.823,40.838],[-112.021,41.157],[-112.15,41.476],[-112.51,41.923],[-112.524,41.941],[-112.579,41.975],[-113.251,42.388],[-113.592,42.519],[-113.678,42.551],[-115.253,43.155],[-115.732,43.557],[-116.267,43.816],[-116.343,44.426],[-116.346,44.451],[-116.315,44.612],[-116.214,45.139],[-116.226,45.224],[-116.258,45.444],[-116.293,45.68],[-116.637,46.197],[-117.039,46.753],[-117.222,47.523],[-117.143,47.592],[-116.911,47.794],[-116.669,48.004],[-116.518,48.286],[-116.508,48.305],[-116.277,48.737],[-117.065,49.769],[-117.885,50.31],[-117.974,50.881],[-118.756,51.822],[-120.827,52.921],[-121.405,53.71],[-122.602,55.059],[-122.76,55.237],[-123.181,55.474],[-123.674,55.752],[-123.888,55.872],[-124.803,56.7],[-125.645,57.423],[-125.871,57.617],[-126.471,58.249],[-126.888,58.689],[-127.194,59.215],[-126.893,59.429],[-126.571,59.578],[-126.528,59.598],[-125.359,59.345],[-125.033,59.275],[-124.739,59.549],[-124.565,59.711]]]}},{"type":"Feature","properties":{"n":"chaîne Transantarctique","r":1,"g":"Antarctica"},"geometry":{"type":"Polygon","coordinates":[[[180,-86.044],[180,-86.959],[177.494,-86.676],[171.683,-86.319],[171.515,-86.309],[160.225,-84.906],[155.583,-82.4],[155.816,-80.263],[157.787,-77.223],[157.883,-77.126],[160.292,-74.685],[162.553,-73.101],[164.319,-72.265],[166.93,-70.947],[167.939,-71.214],[169.953,-71.746],[170.335,-71.573],[170.435,-71.908],[170.439,-71.92],[170.418,-71.949],[170.409,-71.948],[170.224,-71.948],[170.03,-72.116],[169.954,-72.403],[170.087,-72.399],[169.978,-72.547],[169.896,-72.563],[169.775,-72.534],[169.44,-72.487],[169.072,-72.469],[168.719,-72.384],[168.576,-72.379],[168.428,-72.383],[168.622,-72.473],[168.82,-72.552],[169.27,-72.621],[169.434,-72.653],[167.081,-73.11],[166.883,-73.011],[166.453,-72.936],[166.467,-72.997],[166.752,-73.174],[166.538,-73.215],[165.939,-73.584],[165.86,-73.593],[165.902,-73.607],[165.5,-73.854],[165.347,-73.879],[165.25,-73.782],[165.245,-73.571],[165.129,-73.383],[165.005,-73.375],[164.813,-73.397],[164.75,-73.559],[164.888,-73.838],[164.98,-73.926],[164.906,-74.003],[164.776,-74.029],[164.955,-74.19],[164.801,-74.284],[163.635,-74.482],[163.557,-74.417],[163.398,-74.382],[163.266,-74.426],[163.193,-74.557],[162.831,-74.618],[162.808,-74.715],[162.752,-74.736],[162.604,-74.823],[162.534,-75.167],[162.41,-75.238],[162.226,-75.235],[162.088,-75.262],[161.91,-75.234],[161.68,-75.218],[160.911,-75.335],[161.033,-75.396],[161.227,-75.386],[161.904,-75.404],[162.19,-75.467],[162.239,-75.622],[162.352,-75.687],[162.562,-75.753],[162.53,-75.887],[162.584,-76.081],[162.437,-76.155],[162.498,-76.208],[162.622,-76.217],[162.713,-76.542],[162.675,-76.569],[162.745,-76.658],[162.762,-76.741],[162.761,-76.746],[162.61,-76.829],[162.489,-76.869],[162.45,-76.956],[162.679,-77.007],[162.735,-77.012],[162.669,-77.674],[162.563,-78.727],[162.378,-78.818],[161.975,-78.694],[161.757,-78.545],[161.669,-78.536],[161.51,-78.571],[161.502,-78.677],[161.813,-78.907],[161.951,-78.968],[161.951,-79.028],[161.934,-79.036],[161.864,-79.061],[161.737,-79.06],[161.546,-79.015],[161.191,-78.979],[160.874,-79.05],[160.483,-79.201],[160.567,-79.302],[160.67,-79.359],[160.646,-79.427],[160.209,-79.554],[160.068,-79.561],[159.976,-79.586],[160.084,-79.633],[160.323,-79.636],[160.346,-79.692],[160.265,-79.737],[159.872,-79.79],[159.896,-79.859],[160.111,-79.892],[160.387,-79.879],[160.558,-79.93],[160.559,-80.011],[160.382,-80.054],[160.179,-80.088],[158.767,-80.293],[158.56,-80.349],[158.574,-80.423],[159.065,-80.443],[160.542,-80.425],[160.637,-80.45],[160.603,-80.508],[160.521,-80.583],[160.601,-80.637],[160.823,-80.674],[160.83,-80.73],[160.72,-80.753],[160.503,-80.779],[160.26,-80.787],[160.276,-80.847],[160.607,-80.901],[160.717,-80.907],[160.728,-81.113],[160.717,-81.2],[160.54,-81.242],[160.479,-81.27],[160.47,-81.341],[160.908,-81.39],[161.582,-81.61],[161.73,-81.61],[161.996,-81.653],[162.425,-81.765],[162.577,-81.832],[162.821,-81.866],[162.854,-81.921],[163.004,-81.969],[163.602,-82.121],[163.68,-82.187],[162.427,-82.314],[161.167,-82.408],[161.283,-82.49],[162.644,-82.482],[163.012,-82.535],[163.175,-82.519],[163.269,-82.463],[164.001,-82.397],[164.482,-82.369],[165.002,-82.534],[166.624,-82.797],[167.261,-82.899],[167.233,-82.952],[167.297,-82.986],[167.404,-82.999],[167.602,-83.047],[167.828,-83.031],[167.934,-83.008],[168.528,-83.104],[168.482,-83.127],[168.408,-83.155],[168.32,-83.211],[168.24,-83.23],[167.973,-83.243],[167.825,-83.243],[167.674,-83.231],[167.658,-83.272],[167.843,-83.316],[168.11,-83.362],[169.838,-83.399],[170.332,-83.479],[170.663,-83.449],[171.284,-83.55],[171.289,-83.555],[171.375,-83.564],[171.615,-83.603],[171.739,-83.615],[171.917,-83.644],[172.3,-83.667],[173.809,-83.806],[173.822,-83.81],[173.863,-83.811],[180,-84.379],[180,-86.044]]]}},{"type":"Feature","properties":{"n":"chaîne Transantarctique","r":1,"g":"Antarctica"},"geometry":{"type":"Polygon","coordinates":[[[-57.242,-85.023],[-61.976,-85.195],[-64.257,-85.453],[-68.689,-85.883],[-73.293,-86.314],[-76.134,-86.27],[-80.695,-86.873],[-85.256,-86.528],[-88.527,-86.83],[-93.389,-86.356],[-96.531,-86.356],[-103.416,-86.615],[-109.096,-86.098],[-116.67,-86.83],[-118.807,-86.923],[-124.588,-87.174],[-130.397,-87.346],[-134.743,-87.217],[-141.629,-87.647],[-146.018,-87.346],[-150.292,-87.042],[-155.25,-87.083],[-161.667,-86.625],[-166.125,-86.583],[-167.733,-86.431],[-171.191,-86.103],[-177.103,-85.469],[-180,-85.619],[-180,-84.352],[-178.39,-84.337],[-178.069,-84.352],[-177.73,-84.395],[-176.986,-84.399],[-176.289,-84.418],[-176.107,-84.475],[-175.875,-84.51],[-175.381,-84.48],[-174.987,-84.465],[-174.665,-84.463],[-171.125,-84.583],[-169.694,-84.639],[-169.333,-84.653],[-168.668,-84.684],[-168.049,-84.729],[-167.492,-84.834],[-166.911,-84.819],[-163.464,-84.901],[-162.933,-84.901],[-160.821,-84.987],[-159.808,-85.041],[-159.17,-85.077],[-154.926,-85.316],[-154.796,-85.324],[-150.29,-85.544],[-141.585,-85.582],[-135.905,-85.625],[-128.977,-85.324],[-124.33,-85.582],[-116.067,-84.85],[-115.238,-84.792],[-109.397,-84.377],[-103.125,-84.604],[-99.887,-84.721],[-93.691,-84.979],[-88.656,-84.678],[-76.564,-84.162],[-70.109,-84.248],[-66.15,-83.861],[-63.439,-83.775],[-59.824,-83.645],[-58.404,-83.301],[-55.951,-82.699],[-54.667,-82.41],[-53.087,-82.149],[-52.799,-82.154],[-52.415,-82.135],[-51.731,-82.062],[-51.21,-82.015],[-50.653,-81.975],[-50.029,-81.968],[-48.361,-81.892],[-47.887,-81.925],[-47.36,-82.004],[-47.02,-82.003],[-46.823,-81.993],[-46.763,-82.41],[-50.494,-83.801],[-54.098,-83.99],[-57.242,-85.023]]]}},{"type":"Feature","properties":{"n":"Plateaux d'Éthiopie","r":2,"g":"Africa"},"geometry":{"type":"Polygon","coordinates":[[[39.956,11.643],[40.102,11.352],[40.181,11.14],[40.274,10.704],[40.234,10.188],[40.115,9.897],[40.075,9.645],[40.009,9.367],[40.155,9.116],[40.472,9.196],[40.988,9.434],[41.319,9.542],[41.444,9.583],[41.676,9.659],[41.977,9.687],[42.367,9.724],[42.377,9.725],[42.468,9.736],[42.801,9.778],[42.828,9.753],[43.15,9.464],[43.184,9.434],[43.37,9.013],[43.383,8.984],[43.296,8.827],[43.237,8.719],[43.173,8.604],[43.171,8.6],[42.991,8.621],[42.868,8.635],[42.827,8.64],[42.324,8.852],[42.179,8.706],[41.875,8.799],[41.725,8.784],[41.345,8.746],[41.306,8.721],[40.909,8.468],[40.538,8.203],[40.585,7.948],[40.587,7.938],[40.591,7.912],[41.005,7.835],[41.015,7.833],[41.083,7.713],[41.24,7.436],[41.318,7.313],[41.332,7.291],[41.094,6.92],[41.082,6.912],[40.935,6.814],[40.882,6.087],[40.936,5.889],[40.962,5.796],[40.922,5.781],[40.578,5.65],[40.022,5.624],[39.767,5.227],[39.758,5.214],[39.723,5.209],[39.374,5.161],[39.096,5.055],[38.875,4.845],[38.845,4.817],[38.834,4.815],[38.501,4.764],[38.422,4.473],[38.379,4.235],[38.356,4.102],[38.288,4.102],[38.21,4.102],[37.998,4.407],[38.038,4.671],[37.919,4.949],[37.688,4.917],[37.258,4.856],[37.006,5.042],[36.768,5.293],[36.579,5.572],[36.49,5.703],[36.279,6.1],[35.736,5.994],[35.286,5.928],[35.141,6.153],[35.3,6.523],[35.009,6.656],[34.837,6.92],[35.088,7.291],[34.85,7.687],[34.863,8.19],[34.519,8.534],[34.202,8.984],[34.096,9.262],[33.95,9.751],[34.175,10.042],[34.122,10.333],[34.307,10.638],[34.559,11.087],[34.956,11.22],[35.167,11.564],[35.591,11.365],[35.908,11.749],[36.001,12.04],[36.014,12.344],[36.265,12.542],[36.556,12.648],[36.543,12.873],[36.212,13.072],[36.239,13.283],[36.596,13.363],[37.033,13.469],[37.046,13.932],[37.144,13.972],[37.169,13.982],[37.337,14.051],[37.694,14.262],[37.734,14.527],[37.8,15.281],[37.945,15.916],[37.562,16.352],[37.456,17.067],[37.668,17.821],[37.699,17.833],[37.718,17.841],[38.21,18.033],[38.594,17.437],[38.858,16.63],[38.964,16.075],[39.282,15.572],[39.427,15.307],[39.758,14.99],[39.849,14.887],[39.85,14.885],[40.155,14.54],[40.168,13.984],[40.128,13.746],[40.157,13.4],[40.181,13.111],[40.102,12.688],[39.903,12.529],[39.917,11.802],[39.956,11.643]]]}},{"type":"Feature","properties":{"n":"Zagros","r":2,"g":"Asia"},"geometry":{"type":"Polygon","coordinates":[[[54.906,26.787],[54.609,26.768],[54.323,26.803],[54.044,26.879],[53.336,27.149],[53.197,27.211],[52.983,27.333],[52.79,27.473],[52.262,27.942],[51.745,28.456],[51.56,28.617],[51.478,28.698],[51.412,28.789],[51.313,28.987],[51.254,29.081],[51.195,29.151],[50.617,29.732],[50.509,29.868],[50.478,29.929],[50.428,30.057],[50.396,30.116],[50.349,30.174],[50.234,30.29],[50.122,30.417],[50.002,30.535],[49.946,30.599],[49.866,30.719],[49.668,31.113],[49.559,31.291],[49.322,31.625],[49.17,31.891],[49.116,31.97],[49.057,32.043],[48.783,32.317],[48.671,32.413],[48.553,32.491],[48.432,32.546],[48.195,32.629],[47.916,32.787],[47.573,32.943],[46.883,33.35],[46.819,33.408],[46.746,33.502],[46.52,33.844],[46.456,33.96],[46.381,34.161],[46.247,34.798],[46.152,35.075],[46.12,35.217],[46.119,35.363],[46.142,35.48],[46.178,35.583],[46.225,35.673],[46.282,35.748],[46.473,35.883],[46.703,35.923],[46.948,35.868],[47.185,35.721],[47.851,35.1],[48.408,34.673],[48.706,34.411],[49.222,33.816],[50.127,33.059],[50.447,32.751],[50.755,32.418],[51.122,31.93],[52.944,29.929],[53.024,29.827],[53.063,29.759],[53.122,29.615],[53.159,29.547],[53.309,29.4],[53.502,29.3],[54.449,28.905],[54.638,28.842],[55.692,28.57],[55.919,28.489],[56.185,28.364],[56.417,28.202],[56.54,28.006],[56.473,27.67],[56.197,27.416],[55.403,26.941],[55.245,26.871],[55.078,26.821],[54.906,26.787]]]}},{"type":"Feature","properties":{"n":"Altaï","r":2,"g":"Asia"},"geometry":{"type":"Polygon","coordinates":[[[100.567,44.104],[100.329,44.039],[98.774,43.985],[98.26,44.064],[98.043,44.097],[97.97,44.083],[97.898,44.052],[97.807,43.982],[97.768,43.953],[97.464,43.621],[97.382,43.532],[97.14,43.363],[97.009,43.305],[96.871,43.265],[96.727,43.249],[96.578,43.257],[96.424,43.292],[96.266,43.368],[95.378,44.086],[95.138,44.28],[95.011,44.34],[94.875,44.369],[92.863,44.411],[91.925,44.629],[91.115,44.675],[90.656,44.88],[90.075,45.421],[89.761,46.002],[89.615,46.398],[89.336,46.797],[88.918,47.22],[88.4,47.558],[86.63,48.097],[84.334,48.305],[84.228,48.437],[83.925,48.75],[83.391,49.784],[83.303,49.903],[83.185,50.012],[82.999,50.094],[82.255,50.424],[82.104,50.52],[82.001,50.645],[81.943,50.789],[81.926,50.946],[81.945,51.107],[81.998,51.266],[82.081,51.414],[82.587,52.062],[82.677,52.124],[82.89,52.218],[83.338,52.305],[84.126,52.24],[85.725,52.109],[86.7,52.029],[87.25,51.843],[87.754,51.564],[88.298,51.097],[88.463,50.867],[88.493,50.691],[88.521,50.527],[88.571,50.244],[88.72,50.159],[89.653,49.628],[89.732,49.446],[89.776,49.402],[89.902,49.321],[90.044,49.269],[90.82,49.143],[90.955,49.086],[92.049,48.104],[92.24,47.98],[92.447,47.891],[92.962,47.771],[94.913,46.912],[95.612,46.832],[97.045,46.182],[98.978,45.68],[99.891,45.091],[100.441,44.855],[100.54,44.793],[100.563,44.778],[100.667,44.684],[100.746,44.569],[100.751,44.554],[100.791,44.437],[100.786,44.326],[100.742,44.234],[100.667,44.16],[100.567,44.104]]]}},{"type":"Feature","properties":{"n":"Grand Khingan","r":2,"g":"Asia"},"geometry":{"type":"Polygon","coordinates":[[[119.371,43.444],[119.344,43.297],[117.998,43.305],[117.647,43.225],[117.506,43.171],[117.453,43.163],[117.414,43.177],[117.39,43.222],[117.383,43.305],[117.924,46.281],[117.973,46.383],[118.211,46.668],[119.661,49.545],[119.675,49.602],[119.909,50.537],[120.002,50.732],[120.124,51.546],[120.165,51.63],[120.269,51.741],[120.373,51.813],[120.656,51.927],[120.728,51.974],[120.783,52.047],[120.817,52.16],[120.822,52.287],[120.797,52.403],[120.542,52.857],[120.53,52.929],[120.554,52.995],[120.617,53.054],[121.097,53.251],[122.186,53.515],[123.124,53.521],[124.028,53.389],[124.751,53.147],[124.925,53.032],[125.049,52.89],[125.125,52.725],[125.159,52.543],[125.156,52.348],[125.058,51.942],[124.611,51.194],[124.413,50.864],[124.251,50.594],[123.545,49.849],[123.522,49.76],[123.538,49.688],[123.549,49.633],[123.638,49.434],[123.899,49.11],[123.946,48.938],[123.871,48.795],[123.058,48.275],[122.906,48.101],[122.846,47.887],[122.867,47.777],[123.324,46.955],[123.335,46.843],[123.267,46.561],[123.151,46.335],[122.908,46.056],[122.778,45.908],[122.276,45.332],[121.923,44.928],[121.403,44.538],[121.151,44.35],[119.591,43.643],[119.458,43.556],[119.371,43.444]]]}},{"type":"Feature","properties":{"n":"Monts Stanovoï","r":2,"g":"Asia"},"geometry":{"type":"Polygon","coordinates":[[[126.141,57.289],[126.189,57.276],[126.437,57.316],[127.2,57.243],[127.644,57.02],[127.852,56.971],[128.047,56.85],[128.41,56.739],[129.784,56.77],[130.022,56.775],[130.575,56.787],[131.602,57.083],[131.718,57.092],[134.561,56.85],[134.62,56.859],[134.754,56.903],[136.379,56.899],[136.38,56.899],[137.399,57.153],[137.547,57.162],[137.62,57.146],[137.7,57.107],[137.868,56.978],[138.018,56.815],[138.069,56.735],[138.099,56.686],[138.117,56.658],[138.134,56.565],[138.106,56.481],[138.054,56.418],[138.028,56.398],[134.993,54.837],[134.734,54.703],[134.174,54.509],[131.245,54.314],[131.085,54.342],[130.953,54.399],[130.548,54.676],[130.33,54.753],[128.764,54.883],[128.018,54.749],[127.871,54.75],[127.723,54.788],[127.368,54.689],[127.258,54.737],[126.146,54.899],[124.786,54.886],[124.588,54.963],[124.069,55.332],[123.535,55.873],[123.319,56.165],[123.167,56.448],[123.102,56.707],[123.131,56.808],[123.219,56.916],[123.508,57.128],[123.843,57.298],[124.095,57.383],[125.734,57.345],[125.804,57.357],[125.905,57.395],[125.949,57.389],[126.141,57.289]]]}},{"type":"Feature","properties":{"n":"Chaîne Annamitique","r":2,"g":"Asia"},"geometry":{"type":"Polygon","coordinates":[[[105.797,18.403],[106.405,17.747],[106.356,17.765],[106.371,17.747],[106.445,17.704],[106.651,17.482],[106.736,17.367],[106.809,17.311],[106.826,17.293],[106.827,17.292],[107.172,16.919],[107.18,16.898],[107.207,16.882],[108.585,15.395],[108.805,15.029],[109.01,14.241],[109.25,13.701],[109.252,13.591],[109.288,13.451],[109.272,13.279],[109.31,13.219],[109.328,13.167],[109.102,12.576],[109.08,12.459],[109.111,11.764],[109.087,11.654],[109.059,11.594],[109.04,11.593],[109.031,11.543],[108.963,11.464],[108.918,11.432],[108.874,11.412],[108.654,11.388],[108.608,11.373],[108.509,11.319],[108.446,11.259],[108.209,10.957],[108.154,10.914],[108.095,10.897],[108.068,10.847],[108.065,10.844],[107.899,10.772],[107.703,10.743],[107.57,10.745],[107.395,10.768],[107.249,10.85],[107.131,10.98],[107.042,11.145],[106.983,11.334],[106.953,11.536],[106.954,11.738],[107.007,12.088],[106.99,12.236],[106.715,12.916],[106.675,13.454],[106.506,14.092],[106.489,14.131],[106.459,14.167],[106.191,14.371],[105.838,14.871],[105.778,15.023],[105.381,16.836],[103.942,18.505],[103.896,18.536],[103.846,18.552],[103.781,18.55],[103.198,18.336],[103.085,18.332],[102.979,18.367],[102.88,18.433],[102.79,18.524],[102.637,18.753],[102.528,18.998],[102.483,19.19],[102.489,19.365],[102.533,19.526],[102.853,20.144],[102.969,20.71],[103.283,21.25],[103.429,21.41],[103.665,21.581],[103.935,21.689],[104.077,21.714],[104.22,21.716],[105.505,21.292],[105.877,21.103],[106.021,20.997],[106.082,20.935],[106.13,20.867],[106.164,20.792],[106.186,20.701],[106.186,20.632],[106.169,20.581],[106.136,20.542],[105.793,20.341],[105.602,20.135],[105.467,19.885],[105.389,19.612],[105.375,19.341],[105.432,19.094],[105.797,18.403]]]}},{"type":"Feature","properties":{"n":"Chaîne des Siwaliks","r":2,"g":"Asia"},"geometry":{"type":"Polygon","coordinates":[[[80.407,29.493],[87.019,27.027],[87.509,26.844],[87.533,26.83],[87.624,26.778],[87.696,26.696],[87.706,26.594],[87.635,26.47],[87.55,26.402],[87.451,26.37],[87.343,26.365],[86.204,26.717],[84.447,27.26],[84.034,27.388],[83.807,27.458],[83.584,27.486],[83.119,27.546],[82.099,27.861],[81.983,27.936],[81.62,28.288],[81.575,28.332],[81.411,28.406],[80.781,28.689],[79.768,29.144],[79.617,29.211],[79.564,29.198],[79.409,29.272],[79.387,29.289],[79.249,29.397],[79.12,29.548],[79.08,29.627],[79.072,29.663],[79.07,29.668],[79.062,29.705],[79.063,29.78],[79.082,29.839],[79.113,29.884],[79.156,29.917],[79.208,29.94],[79.305,29.959],[79.33,29.964],[79.636,29.961],[79.786,29.928],[79.934,29.867],[80.407,29.493]]]}},{"type":"Feature","properties":{"n":"Pamir","r":2,"g":"Asia"},"geometry":{"type":"Polygon","coordinates":[[[74.904,39.465],[75.673,39.196],[75.896,39.031],[76.122,38.81],[76.868,38.347],[76.989,38.239],[77.032,38.138],[76.973,38.048],[76.912,38.02],[76.86,37.996],[76.454,37.9],[75.986,37.788],[75.674,37.714],[75.502,37.603],[75.11,37.574],[74.355,37.518],[73.099,37.424],[72.918,37.41],[72.794,37.364],[72.486,37.248],[72.107,37.105],[72.087,37.097],[71.933,37.083],[71.785,37.105],[71.662,37.167],[71.65,37.174],[71.525,37.253],[71.446,37.284],[71.424,37.305],[71.32,37.449],[71.26,37.506],[71.235,37.539],[71.216,37.583],[71.205,37.645],[71.227,39.066],[71.252,39.166],[71.289,39.226],[71.326,39.259],[71.366,39.272],[71.577,39.262],[71.897,39.368],[71.918,39.382],[72.244,39.506],[74.24,39.56],[74.904,39.465]]]}},{"type":"Feature","properties":{"n":"Hindou Kouch","r":2,"g":"Asia"},"geometry":{"type":"Polygon","coordinates":[[[74.749,37.459],[75.17,37],[75.439,36.706],[75.484,36.631],[75.636,36.375],[75.692,36.226],[75.717,35.744],[75.641,35.274],[75.608,35.179],[75.559,35.101],[75.49,35.045],[75.133,34.583],[74.461,34.123],[74.406,34.104],[74.374,34.093],[74.299,34.082],[74.23,34.088],[73.967,34.149],[73.939,34.156],[73.913,34.155],[73.813,34.152],[73.753,34.15],[73.739,34.146],[73.712,34.137],[73.704,34.123],[73.712,34.11],[73.72,34.101],[73.712,34.098],[73.556,34.13],[73.486,34.145],[73.468,34.149],[72.824,34.418],[72.682,34.43],[72.329,34.461],[72.02,34.6],[71.951,34.609],[71.865,34.602],[71.789,34.577],[71.771,34.563],[71.484,34.352],[71.462,34.341],[71.418,34.318],[71.268,34.278],[69.676,34.312],[67.019,34.646],[66.948,34.695],[66.877,34.795],[66.752,35.1],[66.675,35.466],[66.674,35.798],[66.709,35.878],[67.324,36.553],[67.373,36.587],[71.067,37.412],[71.204,37.417],[71.327,37.383],[71.488,37.245],[71.563,37.201],[71.662,37.167],[71.75,37.137],[71.95,37.106],[72.107,37.105],[72.123,37.105],[72.207,37.12],[72.486,37.248],[72.7,37.345],[72.794,37.364],[73.099,37.424],[73.602,37.523],[74.355,37.518],[74.619,37.516],[74.684,37.499],[74.735,37.475],[74.749,37.459]]]}},{"type":"Feature","properties":{"n":"Karakoram","r":2,"g":"Asia"},"geometry":{"type":"Polygon","coordinates":[[[79.018,33.354],[78.897,33.336],[78.375,33.354],[78.239,33.389],[78.224,33.397],[78.11,33.456],[78.029,33.523],[77.076,34.312],[76.386,34.704],[76.267,34.818],[76.105,35.059],[75.748,35.81],[75.707,35.943],[75.69,36.302],[75.658,36.406],[75.61,36.487],[75.484,36.631],[75.252,36.893],[75.199,36.952],[75.172,36.992],[75.17,37],[75.163,37.02],[75.159,37.061],[75.148,37.086],[74.928,37.285],[74.92,37.309],[74.929,37.335],[74.961,37.361],[75.986,37.788],[76.248,37.897],[76.357,37.914],[76.444,37.906],[76.454,37.9],[76.5,37.87],[76.611,37.74],[76.973,37.482],[77.809,36.484],[77.861,36.449],[78,36.388],[78.261,36.191],[78.351,36.124],[78.481,36.073],[78.812,35.996],[78.972,35.916],[79.011,35.896],[79.274,35.669],[79.483,35.378],[79.621,35.059],[79.7,34.597],[79.845,34.358],[79.856,34.314],[79.856,34.265],[79.842,34.211],[79.825,34.178],[79.503,33.829],[79.245,33.651],[79.226,33.631],[79.196,33.577],[79.149,33.454],[79.133,33.428],[79.114,33.405],[79.071,33.375],[79.018,33.354]]]}},{"type":"Feature","properties":{"n":"Cordillère du Kunlun","r":2,"g":"Asia"},"geometry":{"type":"Polygon","coordinates":[[[86.801,37.625],[87.587,37.505],[89.219,37.527],[89.513,37.531],[91.199,37.554],[91.531,37.462],[92.673,36.762],[92.709,36.746],[92.86,36.682],[93.014,36.616],[94.187,36.443],[94.663,36.372],[94.995,36.323],[95.146,36.301],[95.156,36.299],[95.426,36.371],[95.659,36.433],[95.762,36.44],[95.927,36.397],[97.583,35.966],[97.788,35.989],[97.985,36.01],[97.986,36.01],[98.018,36.02],[98.138,36.058],[98.151,36.062],[98.497,36.253],[98.589,36.273],[98.798,36.268],[99.01,36.213],[99.189,36.126],[99.258,36.07],[99.317,35.998],[99.404,35.825],[99.455,35.634],[99.476,35.454],[99.472,35.364],[99.452,35.287],[99.419,35.222],[99.372,35.17],[99.313,35.13],[99.243,35.102],[99.163,35.087],[98.909,35.097],[97.593,35.36],[87.336,35.688],[86.739,35.488],[82.291,35.354],[81.854,35.229],[81.385,35.166],[80.825,35.178],[80.554,35.226],[79.29,35.831],[79.086,35.897],[78.972,35.916],[78.668,35.968],[78.472,36.036],[78.281,36.17],[78.261,36.191],[78.1,36.368],[78.029,36.482],[77.98,36.599],[77.96,36.715],[77.975,36.827],[78.042,36.955],[78.144,37.047],[78.273,37.11],[78.575,37.165],[79.16,37.132],[79.741,36.987],[80.523,36.63],[80.674,36.561],[80.715,36.542],[80.843,36.506],[81.162,36.414],[81.208,36.401],[81.344,36.41],[82.135,36.68],[83.402,36.817],[83.494,36.827],[83.671,36.888],[85.708,37.595],[86.043,37.711],[86.801,37.625]]]}},{"type":"Feature","properties":{"n":"Atlas","r":2,"g":"Africa"},"geometry":{"type":"Polygon","coordinates":[[[10.442,36.686],[10.469,36.329],[9.966,35.879],[9.939,35.402],[9.953,34.715],[9.992,34.159],[9.595,34.119],[9.291,34.066],[8.833,34.114],[8.656,34.133],[8.167,34.265],[8.114,34.287],[7.73,34.45],[7.042,34.847],[6.526,34.926],[5.64,34.82],[5.256,34.794],[4.687,34.648],[3.907,34.318],[3.722,34.265],[3.166,34.106],[2.756,33.855],[2.748,33.852],[2.055,33.656],[1.129,33.14],[0.685,32.995],[0.401,32.902],[-0.393,32.492],[-0.487,32.403],[-0.909,32.003],[-1.716,31.659],[-2.258,31.447],[-2.933,31.288],[-3.524,31.21],[-3.797,31.174],[-4.031,31.143],[-4.543,30.828],[-4.613,30.786],[-4.815,30.655],[-5.168,30.428],[-5.323,30.239],[-5.398,30.148],[-5.406,30.137],[-5.429,30.133],[-5.72,30.082],[-6.465,29.952],[-7.232,29.529],[-7.629,29.132],[-8.502,28.788],[-9.269,28.603],[-10.063,28.338],[-10.539,28.312],[-10.989,28.55],[-10.893,28.815],[-10.891,28.819],[-10.674,28.939],[-10.486,29.065],[-10.27,29.304],[-10.182,29.37],[-9.732,29.754],[-9.283,30.124],[-8.82,30.481],[-8.568,30.693],[-8.793,30.759],[-9.336,30.574],[-9.627,30.534],[-9.863,30.744],[-9.865,30.746],[-9.864,30.751],[-9.832,30.847],[-9.833,31.07],[-9.813,31.356],[-9.468,31.936],[-9.217,32.161],[-8.912,32.347],[-8.171,32.704],[-7.788,32.902],[-7.272,33.101],[-7.245,33.378],[-7.179,33.603],[-7.007,33.762],[-6.809,34.04],[-6.624,34.106],[-6.28,34.093],[-6.015,34.212],[-5.748,34.341],[-5.605,34.41],[-5.635,34.457],[-5.949,34.939],[-5.869,35.336],[-5.882,35.769],[-5.882,35.773],[-5.882,35.793],[-5.748,35.816],[-5.623,35.829],[-5.522,35.862],[-5.469,35.891],[-5.393,35.905],[-5.338,35.809],[-5.338,35.745],[-5.253,35.615],[-5.19,35.552],[-5.142,35.469],[-5.129,35.464],[-5.063,35.438],[-4.837,35.281],[-4.628,35.206],[-4.33,35.161],[-3.982,35.243],[-3.788,35.245],[-3.744,35.261],[-3.7,35.257],[-3.663,35.265],[-3.591,35.228],[-3.395,35.212],[-3.206,35.239],[-3.063,35.317],[-3.004,35.376],[-2.966,35.328],[-2.938,35.293],[-2.915,35.264],[-2.87,35.173],[-2.84,35.128],[-2.731,35.135],[-2.637,35.113],[-2.424,35.123],[-2.22,35.104],[-2.018,35.085],[-1.913,35.094],[-1.674,35.183],[-1.484,35.303],[-1.336,35.364],[-1.3,35.401],[-1.266,35.416],[-1.171,35.52],[-1.088,35.579],[-0.917,35.668],[-0.426,35.862],[-0.351,35.863],[-0.189,35.819],[-0.048,35.833],[0.048,35.901],[0.152,36.063],[0.307,36.159],[0.613,36.289],[0.683,36.319],[0.791,36.357],[0.972,36.444],[1.257,36.52],[1.975,36.568],[2.343,36.61],[2.593,36.601],[2.747,36.685],[2.755,36.686],[3.153,36.77],[3.192,36.778],[3.24,36.79],[3.521,36.795],[3.779,36.896],[4.758,36.896],[4.863,36.867],[4.874,36.861],[4.876,36.861],[5.006,36.801],[5.196,36.677],[5.295,36.648],[5.425,36.675],[5.687,36.784],[5.944,36.831],[5.966,36.845],[6.065,36.864],[6.249,36.938],[6.328,37.046],[6.338,37.049],[6.432,37.034],[6.564,37.014],[6.576,37.003],[6.928,36.919],[7.143,36.943],[7.238,36.969],[7.219,37.039],[7.238,37.041],[7.254,37.043],[7.532,37.021],[7.551,37.019],[7.608,37],[7.792,36.88],[7.91,36.856],[7.999,36.878],[8.007,36.876],[8.021,36.871],[8.175,36.913],[8.577,36.937],[8.824,36.998],[8.959,37.089],[8.98,37.092],[9,37.096],[9.131,37.137],[9.675,37.308],[9.734,37.298],[9.827,37.283],[9.816,37.255],[9.784,37.211],[9.83,37.135],[9.896,37.182],[9.879,37.213],[9.876,37.254],[9.984,37.258],[10.017,37.252],[10.085,37.241],[10.099,37.224],[10.18,37.124],[10.192,37.109],[10.189,37.034],[10.334,36.865],[10.293,36.781],[10.412,36.732],[10.418,36.735],[10.442,36.686]]]}},{"type":"Feature","properties":{"n":"Appalaches","r":2,"g":"North America"},"geometry":{"type":"Polygon","coordinates":[[[-65.159,48.062],[-65.313,48.017],[-65.317,48.015],[-65.36,48.011],[-65.476,48.031],[-65.755,48.112],[-65.927,48.189],[-66.013,48.147],[-66.065,48.114],[-66.128,48.107],[-66.249,48.117],[-66.324,48.098],[-66.449,48.12],[-66.704,48.022],[-66.632,48.011],[-66.429,48.067],[-66.36,48.061],[-66.21,47.989],[-66.076,47.96],[-66.073,47.958],[-65.823,47.897],[-65.762,47.863],[-65.646,47.632],[-65.97,47.097],[-66.367,46.727],[-66.816,46.356],[-67.52,46.137],[-67.954,46.039],[-68.642,45.959],[-69.277,45.324],[-69.447,44.939],[-69.965,44.451],[-70.403,43.906],[-70.759,43.578],[-71.155,43.181],[-71.419,42.723],[-71.605,42.202],[-72.505,41.631],[-73.113,41.356],[-73.864,41.087],[-73.874,41.079],[-73.882,41.171],[-73.925,41.218],[-73.97,41.25],[-73.918,41.136],[-73.912,41.05],[-74.292,40.759],[-75.045,40.472],[-75.329,40.201],[-76.189,40.085],[-76.765,39.704],[-77.323,39.226],[-77.885,38.477],[-78.573,37.683],[-79.238,36.939],[-80.328,35.981],[-82.642,34.598],[-83.891,33.88],[-84.902,33.508],[-85.886,33.003],[-86.56,32.915],[-86.561,32.946],[-86.748,32.783],[-86.881,32.651],[-87.304,32.616],[-87.71,32.62],[-87.923,32.635],[-88.016,32.606],[-88.175,32.87],[-88.191,33.027],[-88.296,33.254],[-88.427,33.432],[-88.483,33.714],[-88.541,33.97],[-88.407,34.11],[-88.422,34.298],[-88.364,34.468],[-88.267,34.671],[-88.239,35.05],[-88.258,35.259],[-88.098,35.42],[-88.022,35.606],[-87.989,35.782],[-87.995,36.069],[-87.99,36.303],[-88.064,36.488],[-88.099,36.696],[-88.24,36.954],[-88.522,37.06],[-88.489,37.126],[-88.452,37.2],[-88.508,37.344],[-88.383,37.419],[-88.141,37.467],[-88.157,37.622],[-88.133,37.701],[-87.946,37.79],[-87.778,37.881],[-87.628,37.832],[-87.549,37.914],[-87.448,37.943],[-87.256,37.879],[-87.087,37.807],[-87.02,37.92],[-86.819,37.996],[-86.708,37.9],[-86.596,37.906],[-86.524,38.02],[-86.4,38.107],[-86.341,38.156],[-86.26,38.06],[-86.22,38.043],[-86.04,37.97],[-85.925,38.039],[-85.892,38.203],[-85.759,38.271],[-85.633,38.388],[-85.59,38.462],[-85.429,38.54],[-85.453,38.705],[-85.321,38.744],[-85.185,38.689],[-85.035,38.758],[-84.82,38.829],[-84.833,38.958],[-84.843,39.089],[-84.675,39.102],[-84.364,39.048],[-84.232,38.886],[-84.084,38.779],[-83.86,38.758],[-83.651,38.637],[-83.492,38.7],[-83.347,38.642],[-83.152,38.62],[-83.031,38.717],[-82.898,38.753],[-82.828,38.584],[-82.691,38.536],[-82.569,38.404],[-82.425,38.434],[-82.299,38.52],[-82.215,38.593],[-82.161,38.833],[-82.013,39.018],[-81.904,38.937],[-81.849,38.915],[-81.813,39.081],[-81.663,39.277],[-81.542,39.346],[-81.421,39.407],[-81.247,39.393],[-81.126,39.455],[-80.881,39.621],[-80.832,39.822],[-80.758,39.972],[-80.695,40.159],[-80.6,40.319],[-80.649,40.62],[-80.454,40.637],[-80.286,40.7],[-80.202,40.547],[-80.081,40.497],[-79.985,40.458],[-79.814,40.546],[-79.692,40.67],[-79.532,40.793],[-79.498,40.922],[-79.589,40.982],[-79.683,41.154],[-79.796,41.258],[-79.824,41.326],[-79.765,41.414],[-79.962,41.611],[-80.112,41.805],[-80.138,41.991],[-80.15,42.143],[-80.191,42.354],[-80.092,42.399],[-79.775,42.521],[-79.47,42.635],[-79.088,42.778],[-78.918,42.902],[-79.023,43.018],[-79.082,43.087],[-79.066,43.277],[-79.182,43.468],[-78.664,43.637],[-76.806,43.632],[-76.517,43.478],[-76.351,43.262],[-76.301,43.232],[-76.192,43.245],[-76.111,43.254],[-75.732,43.222],[-75.442,43.245],[-75.291,43.135],[-75.003,43.037],[-74.855,43.062],[-74.65,42.994],[-74.605,42.93],[-74.506,42.916],[-74.371,42.956],[-74.225,42.969],[-74.142,42.933],[-74.034,42.884],[-73.888,42.841],[-73.705,42.795],[-73.674,42.93],[-73.584,43.087],[-73.528,43.269],[-73.431,43.411],[-73.398,43.574],[-73.425,43.637],[-73.352,43.779],[-73.395,43.86],[-73.425,44.038],[-73.372,44.204],[-73.294,44.405],[-73.33,44.521],[-73.367,44.574],[-73.339,44.741],[-73.297,44.885],[-73.328,45.08],[-73.457,45.121],[-73.61,45.138],[-73.259,45.302],[-73.246,45.308],[-73.107,45.52],[-72.461,45.662],[-72.106,45.938],[-71.608,46.268],[-71.092,46.537],[-70.784,46.828],[-70.535,47.012],[-70.493,47.05],[-70.388,47.117],[-70.218,47.29],[-70.07,47.378],[-70.027,47.454],[-69.935,47.529],[-69.802,47.623],[-69.622,47.787],[-69.314,48.043],[-69.306,48.047],[-69.151,48.158],[-68.834,48.356],[-68.816,48.366],[-68.746,48.376],[-68.552,48.457],[-68.476,48.511],[-68.377,48.552],[-67.929,48.716],[-67.369,48.903],[-67.117,48.964],[-66.767,49.074],[-66.527,49.135],[-66.457,49.148],[-66.32,49.176],[-66.116,49.216],[-65.883,49.226],[-65.844,49.23],[-65.831,49.23],[-65.349,49.251],[-65.237,49.242],[-64.836,49.192],[-64.639,49.128],[-64.563,49.102],[-64.507,49.068],[-64.338,48.957],[-64.225,48.883],[-64.216,48.874],[-64.209,48.806],[-64.371,48.839],[-64.514,48.841],[-64.415,48.804],[-64.246,48.691],[-64.254,48.55],[-64.349,48.423],[-64.633,48.36],[-64.641,48.355],[-64.663,48.351],[-64.963,48.176],[-64.975,48.169],[-65.159,48.062]]]}},{"type":"Feature","properties":{"n":"chaîne Brooks","r":2,"g":"North America"},"geometry":{"type":"MultiPolygon","coordinates":[[[[-146.665,67.195],[-146.747,67.179],[-147.329,67.126],[-147.885,67.179],[-148.705,67.285],[-149.287,67.258],[-149.869,67.205],[-150.425,67.152],[-151.082,67.071],[-151.562,67.126],[-152.039,67.02],[-152.409,66.941],[-152.859,66.861],[-153.494,66.941],[-154.513,66.959],[-154.946,66.839],[-155.341,66.775],[-156.255,66.865],[-157.071,66.912],[-157.55,66.983],[-157.952,67.062],[-158.611,67.204],[-158.943,67.165],[-159.993,67.023],[-160.627,66.93],[-161.23,66.894],[-161.754,66.805],[-161.864,66.734],[-161.879,66.804],[-161.731,66.923],[-161.622,66.979],[-161.72,67.021],[-161.965,67.05],[-162.392,67.02],[-162.412,67.06],[-162.409,67.104],[-162.583,67.019],[-162.761,67.036],[-163.002,67.027],[-163.532,67.103],[-163.721,67.196],[-163.8,67.271],[-163.943,67.478],[-164.125,67.607],[-165.386,68.046],[-165.96,68.156],[-166.236,68.278],[-166.409,68.308],[-166.574,68.32],[-166.786,68.36],[-166.644,68.408],[-166.546,68.424],[-166.648,68.374],[-166.57,68.361],[-166.447,68.39],[-166.381,68.425],[-166.283,68.573],[-166.182,68.797],[-166.209,68.885],[-165.509,68.868],[-165.044,68.882],[-164.89,68.902],[-164.302,68.936],[-164.15,68.961],[-163.868,69.037],[-163.536,69.17],[-163.251,69.345],[-163.205,69.393],[-163.187,69.38],[-163.161,69.388],[-163.131,69.454],[-163.094,69.611],[-162.952,69.758],[-162.35,70.094],[-162.071,70.227],[-161.978,70.288],[-161.881,70.332],[-161.813,70.29],[-161.78,70.277],[-161.761,70.258],[-161.818,70.248],[-161.912,70.205],[-162.042,70.177],[-162.074,70.162],[-161.997,70.165],[-161.768,70.197],[-161.639,70.235],[-160.996,70.305],[-160.648,70.421],[-160.634,70.446],[-160.117,70.591],[-160.046,70.586],[-159.963,70.568],[-160.106,70.473],[-160.006,70.448],[-160.095,70.333],[-159.908,70.331],[-159.866,70.279],[-159.855,70.324],[-159.858,70.389],[-159.843,70.453],[-159.815,70.497],[-159.683,70.477],[-159.387,70.525],[-159.746,70.53],[-159.962,70.634],[-160.082,70.635],[-159.681,70.787],[-159.315,70.879],[-159.232,70.877],[-159.192,70.86],[-159.183,70.832],[-159.262,70.814],[-159.34,70.781],[-159.304,70.753],[-159.251,70.748],[-159.075,70.772],[-158.996,70.802],[-158.621,70.799],[-158.511,70.82],[-158.484,70.841],[-157.998,70.845],[-157.909,70.86],[-157.606,70.941],[-157.325,71.04],[-157.195,71.093],[-156.973,71.23],[-156.783,71.319],[-156.47,71.408],[-156.395,71.397],[-156.497,71.379],[-156.567,71.342],[-156.47,71.292],[-155.811,71.188],[-155.646,71.183],[-155.579,71.121],[-155.635,71.062],[-155.804,70.995],[-156.147,70.928],[-156.042,70.902],[-155.974,70.842],[-155.872,70.835],[-155.708,70.857],[-155.579,70.894],[-155.313,71.015],[-155.23,71.082],[-155.167,71.099],[-154.944,71.083],[-154.818,71.048],[-154.674,70.987],[-154.726,70.928],[-154.785,70.894],[-154.599,70.848],[-154.392,70.838],[-154.195,70.801],[-153.918,70.877],[-153.701,70.894],[-153.498,70.891],[-153.233,70.933],[-152.785,70.876],[-152.671,70.891],[-152.491,70.881],[-152.3,70.847],[-152.233,70.81],[-152.437,70.733],[-152.471,70.654],[-152.399,70.62],[-152.27,70.615],[-152.253,70.568],[-152.173,70.557],[-151.769,70.56],[-151.8,70.538],[-151.82,70.511],[-151.945,70.452],[-151.225,70.419],[-151.128,70.452],[-150.979,70.465],[-150.663,70.51],[-150.544,70.49],[-150.403,70.444],[-150.274,70.434],[-150.152,70.444],[-149.87,70.51],[-149.544,70.513],[-149.411,70.491],[-149.269,70.501],[-148.845,70.425],[-148.688,70.416],[-148.479,70.318],[-148.371,70.315],[-148.249,70.357],[-148.143,70.355],[-148.039,70.315],[-147.87,70.303],[-147.791,70.24],[-147.705,70.217],[-147.063,70.17],[-146.745,70.192],[-146.281,70.186],[-146.058,70.156],[-145.823,70.16],[-145.44,70.051],[-145.237,70.034],[-145.197,70.009],[-144.619,69.982],[-144.417,70.039],[-144.064,70.054],[-143.746,70.102],[-143.566,70.101],[-143.357,70.09],[-143.276,70.095],[-143.218,70.116],[-142.708,70.034],[-142.422,69.94],[-142.297,69.87],[-141.699,69.77],[-141.526,69.715],[-141.408,69.653],[-141.339,69.647],[-141.29,69.665],[-141.081,69.659],[-141.002,69.651],[-140.86,69.635],[-140.405,69.602],[-139.977,69.622],[-139.182,69.516],[-138.69,69.317],[-138.291,69.219],[-138.128,69.152],[-137.869,69.093],[-137.26,68.964],[-137.243,68.963],[-137.698,68.555],[-138.016,68.396],[-138.518,68.29],[-138.942,68.237],[-139.392,68.211],[-140.344,68.211],[-141,68.063],[-141.005,68.063],[-141.905,67.999],[-142.381,67.867],[-142.99,67.655],[-143.704,67.629],[-144.286,67.629],[-145.345,67.444],[-145.575,67.4],[-146.665,67.195]]],[[[-162.059,66.606],[-162.191,66.693],[-162.318,66.734],[-162.467,66.736],[-162.544,66.805],[-162.607,66.894],[-162.478,66.931],[-162.362,66.947],[-162.254,66.919],[-162.131,66.801],[-162.018,66.784],[-162.051,66.667],[-162.012,66.637],[-162.059,66.606]]],[[[-139.14,69.65],[-139.073,69.648],[-138.932,69.617],[-138.879,69.59],[-139.043,69.577],[-139.126,69.539],[-139.257,69.579],[-139.291,69.598],[-139.14,69.65]]]]}},{"type":"Feature","properties":{"n":"chaîne Côtière","r":2,"g":"North America"},"geometry":{"type":"MultiPolygon","coordinates":[[[[-134.003,59.612],[-133.842,59.638],[-133.597,59.427],[-133.306,59.083],[-132.873,58.816],[-132.142,58.421],[-131.798,58.157],[-131.084,57.76],[-130.634,57.522],[-130.29,57.178],[-129.708,56.649],[-129.523,56.41],[-129.205,55.802],[-128.808,55.722],[-128.57,55.722],[-128.147,55.59],[-127.802,55.405],[-127.697,54.982],[-127.565,54.691],[-127.412,54.214],[-127.141,53.606],[-126.718,53.156],[-126.242,52.786],[-126.229,52.776],[-125.765,52.442],[-125.421,52.177],[-124.839,51.754],[-124.31,51.527],[-124.284,51.516],[-123.62,51.409],[-123.464,51.383],[-123.246,51.265],[-122.998,51.129],[-122.617,50.986],[-122.273,50.907],[-121.942,50.709],[-121.744,50.51],[-121.588,50.242],[-121.56,50.111],[-121.386,49.849],[-121.414,49.59],[-121.436,49.471],[-121.656,49.311],[-121.843,49.21],[-122.06,49.181],[-122.398,49.154],[-122.76,49.221],[-123.079,49.13],[-123.08,49.131],[-123.082,49.13],[-123.145,49.282],[-123.067,49.292],[-122.948,49.293],[-122.913,49.323],[-122.879,49.399],[-122.964,49.329],[-123.016,49.322],[-123.172,49.348],[-123.237,49.504],[-123.223,49.59],[-123.191,49.644],[-123.18,49.674],[-123.187,49.68],[-123.325,49.578],[-123.337,49.545],[-123.33,49.531],[-123.543,49.531],[-123.709,49.609],[-123.613,49.658],[-123.582,49.681],[-123.708,49.657],[-123.763,49.658],[-123.818,49.685],[-123.874,49.737],[-123.904,49.795],[-123.904,49.981],[-123.885,50.017],[-123.824,50.044],[-123.785,50.088],[-123.788,50.107],[-123.825,50.144],[-123.88,50.174],[-123.934,50.188],[-123.946,50.184],[-123.863,50.103],[-123.866,50.072],[-123.957,49.993],[-123.971,49.97],[-123.972,49.892],[-123.985,49.876],[-124.059,49.854],[-124.108,49.818],[-124.39,49.988],[-124.839,50.219],[-124.934,50.286],[-124.933,50.298],[-124.986,50.356],[-125.041,50.363],[-125.044,50.365],[-125.057,50.419],[-124.937,50.537],[-124.863,50.637],[-124.854,50.669],[-124.858,50.717],[-124.875,50.826],[-124.86,50.872],[-124.934,50.811],[-124.949,50.765],[-124.931,50.718],[-124.943,50.666],[-124.985,50.592],[-125.059,50.514],[-125.202,50.478],[-125.21,50.484],[-125.532,50.583],[-125.539,50.649],[-125.556,50.635],[-125.574,50.597],[-126.242,50.828],[-126.506,51.039],[-126.511,51.04],[-126.517,51.057],[-126.526,51.04],[-127.358,51.061],[-127.538,51.294],[-127.559,51.49],[-127.42,51.608],[-127.347,51.642],[-127.281,51.654],[-126.968,51.67],[-126.735,51.693],[-126.691,51.703],[-127.034,51.717],[-127.339,51.707],[-127.443,51.679],[-127.568,51.57],[-127.583,51.713],[-127.549,51.954],[-127.775,52.201],[-127.673,52.253],[-127.55,52.298],[-127.438,52.356],[-127.242,52.395],[-127.176,52.315],[-127.008,52.291],[-126.959,52.255],[-126.9,52.188],[-126.826,52.125],[-126.739,52.065],[-126.714,52.061],[-126.753,52.112],[-126.895,52.225],[-126.901,52.265],[-126.938,52.309],[-127.127,52.371],[-127.161,52.395],[-127.194,52.458],[-127.208,52.498],[-127.187,52.538],[-126.995,52.658],[-126.951,52.721],[-126.951,52.751],[-126.966,52.785],[-127.008,52.843],[-127.019,52.842],[-127.006,52.755],[-127.013,52.72],[-127.035,52.682],[-127.066,52.653],[-127.107,52.633],[-127.519,52.359],[-127.56,52.343],[-127.713,52.319],[-127.792,52.289],[-127.827,52.257],[-127.924,52.363],[-128.045,52.461],[-128.021,52.491],[-127.94,52.545],[-127.943,52.551],[-128.038,52.531],[-128.084,52.493],[-128.209,52.594],[-128.197,52.623],[-128.132,52.806],[-128.109,52.858],[-128.053,52.911],[-128.106,52.907],[-128.365,52.826],[-128.452,52.877],[-128.525,53.141],[-128.652,53.244],[-128.869,53.328],[-128.9,53.334],[-129.02,53.526],[-129.153,53.493],[-129.172,53.534],[-129.114,53.641],[-129.021,53.692],[-128.936,53.715],[-128.855,53.705],[-128.85,53.665],[-128.906,53.559],[-128.833,53.549],[-128.542,53.421],[-128.479,53.41],[-128.358,53.46],[-128.291,53.458],[-128.133,53.418],[-128.079,53.369],[-127.928,53.275],[-127.95,53.33],[-128.115,53.446],[-128.207,53.483],[-128.369,53.49],[-128.47,53.471],[-128.512,53.477],[-128.6,53.506],[-128.676,53.555],[-128.751,53.661],[-128.768,53.71],[-128.764,53.747],[-128.746,53.78],[-128.715,53.81],[-128.653,53.832],[-128.56,53.845],[-128.532,53.858],[-128.651,53.919],[-128.705,53.919],[-128.89,53.83],[-128.928,53.823],[-128.944,53.84],[-128.959,53.841],[-129.014,53.797],[-129.056,53.778],[-129.208,53.642],[-129.232,53.576],[-129.24,53.479],[-129.243,53.471],[-129.337,53.447],[-129.575,53.606],[-129.939,53.831],[-129.978,54.142],[-129.791,54.166],[-129.626,54.23],[-129.795,54.236],[-129.898,54.226],[-129.928,54.219],[-129.787,54.373],[-130.025,54.717],[-130.185,54.77],[-130.141,54.823],[-130.109,54.887],[-129.949,55.081],[-129.89,55.165],[-129.781,55.28],[-129.561,55.463],[-129.63,55.452],[-129.667,55.437],[-129.701,55.439],[-129.734,55.458],[-129.765,55.498],[-129.795,55.56],[-129.812,55.533],[-129.816,55.418],[-129.838,55.319],[-129.877,55.251],[-129.985,55.111],[-130.048,55.057],[-130.092,55.108],[-130.058,55.195],[-129.996,55.264],[-129.985,55.359],[-130.044,55.472],[-130.08,55.563],[-130.093,55.632],[-130.095,55.695],[-130.085,55.752],[-130.06,55.814],[-130.02,55.881],[-130.025,55.888],[-130.075,55.836],[-130.112,55.78],[-130.137,55.719],[-130.147,55.654],[-130.14,55.585],[-130.12,55.524],[-130.059,55.412],[-130.039,55.344],[-130.037,55.298],[-130.172,55.137],[-130.219,55.06],[-130.214,55.026],[-130.204,54.947],[-130.342,54.822],[-130.729,54.949],[-130.729,55.125],[-130.808,55.284],[-130.75,55.297],[-130.748,55.318],[-130.832,55.332],[-130.866,55.4],[-130.874,55.432],[-130.878,55.482],[-130.873,55.551],[-130.88,55.612],[-130.895,55.661],[-130.898,55.696],[-130.91,55.707],[-130.919,55.736],[-130.977,55.812],[-131.128,55.96],[-131.14,55.998],[-131.074,56.044],[-131.033,56.088],[-131.288,56.012],[-131.337,56.001],[-131.375,56.013],[-131.772,55.987],[-131.954,55.994],[-131.912,56.064],[-131.844,56.16],[-131.738,56.161],[-131.551,56.207],[-131.813,56.227],[-131.798,56.252],[-132.01,56.41],[-132.334,56.574],[-132.337,56.603],[-132.358,56.626],[-132.427,56.633],[-132.479,56.685],[-132.487,56.766],[-132.579,56.784],[-132.671,56.876],[-132.832,56.981],[-132.814,57.041],[-132.825,57.056],[-132.913,57.047],[-132.946,57.055],[-133.094,57.151],[-133.348,57.327],[-133.508,57.68],[-133.508,57.681],[-133.342,57.631],[-133.143,57.555],[-133.117,57.566],[-133.436,57.727],[-133.515,57.775],[-133.517,57.78],[-133.518,57.786],[-133.52,57.788],[-133.535,57.833],[-133.536,57.864],[-133.511,57.88],[-133.212,57.866],[-133.194,57.878],[-133.497,57.925],[-133.559,57.924],[-133.626,57.857],[-133.782,57.958],[-134.06,58.224],[-134.045,58.289],[-133.934,58.468],[-133.889,58.499],[-133.877,58.518],[-133.911,58.515],[-133.944,58.498],[-134.036,58.415],[-134.131,58.279],[-134.165,58.259],[-134.336,58.302],[-134.485,58.367],[-134.497,58.368],[-134.814,58.526],[-134.952,58.689],[-134.965,58.742],[-134.986,58.766],[-135.031,58.781],[-135.129,58.896],[-135.189,58.999],[-135.217,59.077],[-135.33,59.239],[-135.358,59.325],[-135.349,59.41],[-135.364,59.419],[-135.403,59.353],[-135.413,59.318],[-135.479,59.309],[-135.555,59.347],[-136.206,59.639],[-136.666,60.141],[-136.825,60.406],[-136.6,60.604],[-136.402,60.802],[-136.031,60.802],[-135.767,60.908],[-135.168,60.854],[-134.8,60.639],[-134.496,60.558],[-134.493,60.557],[-134.487,60.553],[-134.293,60.403],[-134.255,60.173],[-134.211,59.931],[-134.003,59.612]]],[[[-128.396,52.746],[-128.365,52.782],[-128.247,52.784],[-128.248,52.741],[-128.273,52.646],[-128.396,52.746]]],[[[-128.675,52.973],[-128.826,53.215],[-128.74,53.179],[-128.633,53.113],[-128.552,52.94],[-128.542,52.864],[-128.675,52.973]]]]}},{"type":"Feature","properties":{"n":"chaîne des Cascades","r":2,"g":"North America"},"geometry":{"type":"Polygon","coordinates":[[[-119.11,50.652],[-119.208,50.488],[-119.362,50.367],[-119.378,50.347],[-119.46,50.247],[-119.439,50.083],[-119.526,49.951],[-119.68,49.841],[-119.689,49.736],[-119.698,49.633],[-119.707,49.531],[-119.68,49.187],[-119.68,48.998],[-119.685,48.473],[-119.715,48.337],[-119.77,48.096],[-119.779,48.08],[-119.861,47.939],[-119.971,47.838],[-119.984,47.834],[-120.156,47.785],[-120.217,47.597],[-120.368,47.335],[-120.606,47.044],[-120.712,46.621],[-120.871,46.197],[-121.082,45.589],[-121.316,44.981],[-121.434,44.389],[-121.464,44.242],[-121.591,43.653],[-121.704,43.152],[-121.77,42.626],[-121.664,42.176],[-121.431,42.002],[-121.347,41.753],[-121.347,41.514],[-121.347,41.25],[-121.279,41.044],[-121.109,40.8],[-120.95,40.588],[-121.082,40.403],[-121.294,40.35],[-121.559,40.271],[-121.77,40.112],[-121.955,40.43],[-122.088,40.694],[-122.321,41.245],[-122.405,41.805],[-122.485,42.308],[-122.485,42.768],[-122.59,43.261],[-122.723,43.578],[-122.974,44.037],[-123.039,44.18],[-122.829,44.557],[-122.696,44.875],[-122.458,45.192],[-122.458,45.52],[-122.555,45.623],[-122.641,45.725],[-122.776,45.885],[-122.802,46.224],[-122.776,46.647],[-122.758,46.662],[-122.273,47.071],[-122.141,47.388],[-122.035,47.864],[-122.194,48.261],[-122.445,48.604],[-122.513,48.663],[-122.513,48.669],[-122.545,48.762],[-122.562,48.778],[-122.58,48.78],[-122.599,48.767],[-122.631,48.765],[-122.711,48.834],[-122.722,48.853],[-122.789,48.993],[-122.827,49.028],[-122.924,49.075],[-122.963,49.075],[-122.996,49.063],[-123.079,49.128],[-123.079,49.13],[-122.76,49.221],[-122.398,49.154],[-122.06,49.181],[-121.843,49.21],[-121.656,49.311],[-121.436,49.471],[-121.414,49.59],[-121.386,49.849],[-121.56,50.111],[-121.588,50.242],[-121.409,50.317],[-121.341,50.426],[-121.293,50.535],[-121.327,50.618],[-121.254,50.75],[-121.08,50.789],[-120.895,50.764],[-120.777,50.789],[-120.64,50.754],[-120.393,50.712],[-120.129,50.675],[-119.938,50.661],[-119.773,50.751],[-119.6,50.903],[-119.406,50.97],[-119.29,50.976],[-119.186,50.981],[-119.011,50.992],[-119.011,50.861],[-119.11,50.652]]]}},{"type":"Feature","properties":{"n":"chaîne d'Alaska","r":2,"g":"North America"},"geometry":{"type":"Polygon","coordinates":[[[-147.303,64.216],[-146.861,64.327],[-146.303,64.27],[-145.826,64.164],[-145.503,64.136],[-145.063,64.074],[-144.762,63.875],[-144.541,63.726],[-144.182,63.731],[-143.907,63.652],[-143.789,63.524],[-143.633,63.419],[-143.311,63.413],[-142.96,63.399],[-142.784,63.356],[-142.578,63.239],[-142.698,63.069],[-143.149,63.025],[-143.654,62.71],[-143.916,62.734],[-144.366,62.707],[-144.474,62.661],[-144.551,62.628],[-144.85,62.491],[-145.19,62.359],[-145.38,62.269],[-145.768,62.311],[-146.191,62.416],[-146.684,62.558],[-146.932,62.655],[-147.329,62.681],[-147.699,62.787],[-148.096,62.84],[-148.546,62.813],[-148.943,62.84],[-149.313,62.84],[-149.604,62.866],[-149.895,62.734],[-150.087,62.587],[-150.164,62.393],[-150.116,62.063],[-150.156,61.863],[-150.359,61.646],[-150.461,61.58],[-150.582,61.357],[-150.957,61.197],[-150.968,61.188],[-151.065,61.146],[-151.15,61.086],[-151.282,61.042],[-151.46,61.014],[-151.594,60.98],[-151.734,60.911],[-151.764,60.878],[-151.856,61.041],[-151.856,61.226],[-152.25,61.305],[-152.594,61.252],[-152.965,61.226],[-153.176,61.173],[-153.52,61.199],[-153.785,61.199],[-154.021,60.987],[-154.314,61.067],[-154.584,61.205],[-154.473,61.623],[-154.605,62.099],[-154.446,62.416],[-153.727,62.644],[-153.229,62.787],[-152.356,63.167],[-151.64,63.366],[-150.741,63.869],[-150.334,64.058],[-149.155,64.348],[-148.308,64.348],[-147.303,64.216]]]}},{"type":"Feature","properties":{"n":"Monts Pensacola","r":2,"g":"Antarctica"},"geometry":{"type":"Polygon","coordinates":[[[-61.708,-85.167],[-61.663,-85.003],[-61.479,-84.626],[-61.083,-84.208],[-60.456,-83.884],[-59.853,-83.69],[-59.583,-83.625],[-54.667,-82.41],[-53.148,-82.148],[-52.799,-82.154],[-52.415,-82.135],[-51.731,-82.062],[-51.21,-82.015],[-50.653,-81.975],[-50.029,-81.968],[-48.435,-81.896],[-48.096,-81.911],[-47.887,-81.925],[-47.36,-82.004],[-47.02,-82.003],[-46.823,-81.993],[-46.763,-82.41],[-48.597,-83.105],[-50.494,-83.801],[-54.098,-83.99],[-57.242,-85.023],[-61.708,-85.167]]]}},{"type":"Feature","properties":{"n":"monts Ellsworth","r":2,"g":"Antarctica"},"geometry":{"type":"Polygon","coordinates":[[[-76.839,-81.446],[-80.161,-81.232],[-84.137,-79.976],[-85.25,-79.625],[-87.268,-78.839],[-87.625,-77.875],[-87.495,-77.727],[-87.255,-77.452],[-87.125,-77.304],[-85.482,-77.018],[-84.187,-77.375],[-83.697,-78.013],[-83.779,-77.984],[-83.752,-78.066],[-83.688,-78.148],[-83.508,-78.248],[-83.246,-78.357],[-83.227,-78.402],[-83.355,-78.408],[-83.544,-78.355],[-83.706,-78.404],[-83.763,-78.461],[-83.697,-78.537],[-83.595,-78.611],[-83.26,-78.774],[-82.971,-78.817],[-82.589,-78.916],[-81.661,-79.1],[-81.503,-79.163],[-81.222,-79.298],[-81.163,-79.4],[-80.892,-79.502],[-80.705,-79.517],[-80.535,-79.513],[-80.529,-79.504],[-79.708,-79.794],[-79.136,-79.996],[-79.66,-79.997],[-78.907,-80.09],[-78.176,-80.167],[-77.745,-80.161],[-75.911,-80.375],[-75.875,-81.125],[-76.839,-81.446]]]}},{"type":"Feature","properties":{"n":"chaîne de la Reine-Maud","r":2,"g":"Antarctica"},"geometry":{"type":"Polygon","coordinates":[[[-150.29,-85.544],[-148.875,-86.458],[-150.292,-87.042],[-155.25,-87.083],[-161.667,-86.625],[-166.125,-86.583],[-169.958,-86.125],[-177.103,-85.469],[-180,-85.619],[-180,-84.352],[-178.39,-84.337],[-178.069,-84.352],[-177.73,-84.395],[-176.986,-84.399],[-176.289,-84.418],[-176.107,-84.475],[-175.875,-84.51],[-175.381,-84.48],[-174.987,-84.465],[-174.665,-84.463],[-171.125,-84.583],[-169.958,-84.625],[-169.694,-84.639],[-168.265,-84.713],[-168.049,-84.729],[-167.492,-84.834],[-166.911,-84.819],[-165.349,-84.856],[-164.042,-84.917],[-160.719,-84.992],[-159.324,-85.067],[-159.17,-85.077],[-157.125,-85.208],[-154.926,-85.316],[-150.29,-85.544]]]}},{"type":"Feature","properties":{"n":"chaîne de la Reine-Maud","r":2,"g":"Antarctica"},"geometry":{"type":"Polygon","coordinates":[[[180,-86.044],[180,-86.959],[177.494,-86.676],[171.565,-86.304],[171.564,-86.304],[168.402,-84.821],[171.259,-83.678],[180,-84.379],[180,-86.044]]]}},{"type":"Feature","properties":{"n":"Atlas saharien","r":3,"g":"Africa"},"geometry":{"type":"Polygon","coordinates":[[[3.159,34.099],[2.782,33.861],[2.748,33.852],[2.061,33.676],[1.135,33.154],[0.685,32.995],[0.421,32.902],[-0.393,32.485],[-0.487,32.403],[-0.611,32.294],[-0.909,32.175],[-1.411,32.003],[-1.954,31.837],[-2.205,31.897],[-2.351,32.042],[-2.126,32.287],[-1.96,32.519],[-1.597,32.565],[-1.074,32.77],[-0.677,33.134],[-0.499,33.147],[-0.042,33.438],[0.441,33.478],[0.877,33.683],[1.175,34.066],[1.433,34.152],[1.387,33.934],[1.618,34.033],[1.777,34.291],[2.326,34.701],[2.782,34.807],[3.206,35.072],[3.649,35.31],[3.98,35.608],[4.244,35.674],[4.548,35.515],[4.595,35.316],[4.787,35.145],[4.859,34.893],[4.548,34.715],[4.191,34.496],[3.999,34.357],[3.722,34.265],[3.622,34.232],[3.159,34.099]]]}},{"type":"Feature","properties":{"n":"Haut Atlas","r":3,"g":"Africa"},"geometry":{"type":"Polygon","coordinates":[[[-3.197,32.717],[-3.23,32.538],[-2.754,32.565],[-2.37,32.452],[-2.536,32.28],[-3.164,32.201],[-3.819,32.082],[-4.024,32.194],[-4.752,31.936],[-5.201,31.718],[-5.777,31.454],[-6.471,31.374],[-6.862,31.308],[-7.45,31.176],[-7.609,31.03],[-7.794,30.964],[-7.993,30.938],[-8.357,30.898],[-8.641,30.832],[-8.932,30.786],[-9.276,30.647],[-9.488,30.752],[-9.15,30.997],[-8.899,31.229],[-8.641,31.235],[-8.284,31.288],[-7.953,31.295],[-7.735,31.447],[-7.457,31.626],[-7.166,31.758],[-6.981,32.003],[-6.67,32.214],[-6.194,32.466],[-5.942,32.664],[-5.698,32.75],[-5.175,32.73],[-5.016,32.671],[-4.242,32.743],[-3.998,32.75],[-3.693,32.684],[-3.429,32.783],[-3.085,32.995],[-2.833,33.154],[-2.754,32.988],[-2.966,32.836],[-3.197,32.717]]]}},{"type":"Feature","properties":{"n":"Drakensberg","r":3,"g":"Africa"},"geometry":{"type":"Polygon","coordinates":[[[30.114,-30.69],[29.545,-31.286],[29.533,-31.298],[29.188,-31.656],[28.738,-32.106],[28.275,-32.516],[27.799,-32.873],[27.124,-33.297],[26.711,-33.411],[26.357,-33.508],[26.185,-33.442],[25.523,-33.323],[25.14,-33.204],[25.179,-32.926],[25.087,-32.741],[25.06,-32.503],[24.865,-32.441],[24.833,-32.431],[24.558,-32.344],[24.214,-32.265],[23.98,-32.258],[23.737,-32.252],[23.526,-32.066],[23.622,-31.99],[23.843,-31.815],[24.121,-31.656],[24.337,-31.449],[24.452,-31.339],[25.06,-30.995],[25.333,-31.009],[25.55,-31.021],[26.211,-30.942],[26.754,-30.942],[27.217,-30.757],[27.177,-30.399],[27.018,-29.936],[27.256,-29.685],[27.455,-29.566],[27.891,-28.971],[28.037,-28.468],[28.381,-28.375],[29.135,-28.256],[29.32,-27.806],[29.849,-27.33],[30.14,-27.079],[30.378,-26.259],[30.14,-25.677],[30.008,-25.28],[29.836,-24.896],[29.902,-24.274],[29.638,-24.089],[29.836,-23.6],[29.889,-23.229],[29.757,-22.819],[30.577,-22.422],[31.132,-22.383],[31.265,-22.568],[31.027,-22.766],[30.603,-23.52],[30.643,-23.944],[30.974,-24.446],[31.622,-25.24],[31.542,-25.703],[31.582,-26.312],[31.595,-26.907],[31.797,-27.108],[31.966,-27.277],[32.145,-27.482],[32.336,-27.701],[31.886,-28.441],[31.615,-28.778],[31.503,-28.918],[31.341,-29.079],[31.146,-29.275],[30.881,-29.738],[30.511,-30.055],[30.22,-30.32],[30.114,-30.69]]]}},{"type":"Feature","properties":{"n":"Monts de Cristal","r":3,"g":"Africa"},"geometry":{"type":"Polygon","coordinates":[[[13.273,-2.724],[13.789,-3.69],[13.776,-3.941],[13.366,-4.007],[12.479,-3.332],[12.188,-3.332],[12.175,-3.663],[12.651,-4.192],[13.286,-4.457],[13.514,-4.774],[13.657,-4.973],[13.842,-5.621],[13.617,-6.044],[13.855,-6.666],[14.437,-7.01],[14.993,-7.685],[15.231,-8.796],[14.781,-9.021],[14.331,-8.69],[13.829,-7.817],[13.405,-7.143],[13.306,-6.757],[13.207,-6.375],[13.286,-6.19],[13.061,-5.462],[12.795,-5.028],[12.704,-4.88],[12.307,-4.417],[11.5,-3.663],[10.865,-3.094],[10.363,-2.578],[10.151,-1.851],[10.085,-1.335],[10.746,-0.753],[10.641,-0.197],[10.548,0.173],[10.349,0.477],[10.111,0.795],[10.085,1.126],[10.23,1.218],[10.429,1.046],[10.733,0.914],[11.104,0.61],[11.262,0.028],[12.294,-0.382],[12.506,-0.793],[12.545,-1.229],[12.757,-1.613],[13.273,-2.724]]]}},{"type":"Feature","properties":{"n":"massif du Tibesti","r":3,"g":"Africa"},"geometry":{"type":"Polygon","coordinates":[[[19.615,22.535],[19.579,21.847],[19.5,21.468],[19.376,20.842],[19.421,20.233],[19.315,19.872],[19.103,19.695],[18.882,19.519],[18.38,19.492],[17.824,19.66],[17.41,19.845],[17.066,20.374],[16.686,20.357],[16.387,20.154],[16.168,20.099],[16.14,20.092],[16.148,20.135],[16.193,20.357],[16.104,20.551],[16.228,20.709],[16.122,20.895],[15.946,21.194],[15.822,21.706],[15.681,22.226],[15.796,22.315],[16.21,22.006],[16.484,22.068],[16.766,21.944],[17.163,22.024],[17.374,22.315],[17.56,22.614],[17.948,22.659],[18.327,22.72],[18.362,22.923],[18.309,23.214],[18.406,23.54],[18.609,23.805],[18.838,23.964],[19.032,24.087],[19.224,24.078],[19.385,24.07],[19.764,23.999],[19.78,23.972],[19.861,23.831],[19.853,23.479],[19.764,22.95],[19.615,22.535]]]}},{"type":"Feature","properties":{"n":"Ahaggar","r":3,"g":"Africa"},"geometry":{"type":"Polygon","coordinates":[[[4.802,26.962],[4.92,26.73],[4.939,26.693],[4.95,26.627],[5.027,26.164],[5.212,25.547],[5.688,25.247],[5.742,25.245],[6.147,25.232],[6.226,25.229],[6.434,24.938],[6.65,24.718],[7.108,24.533],[8.017,24.462],[8.259,24.422],[8.48,24.387],[8.749,24.343],[8.868,24.149],[8.634,24.112],[8.502,24.092],[8.599,23.854],[8.431,23.492],[8.762,23.468],[8.925,23.457],[8.899,23.245],[8.8,23.155],[8.59,22.963],[8.59,22.801],[8.59,22.707],[8.317,22.539],[7.964,22.231],[7.927,22.321],[7.858,22.491],[7.708,22.575],[7.549,22.681],[7.17,22.381],[7.117,22.072],[6.833,21.85],[6.597,21.666],[6.53,21.699],[6.407,21.759],[6.235,21.926],[5.979,21.923],[5.882,21.922],[5.884,21.984],[5.891,22.31],[5.362,22.319],[5.071,22.407],[4.983,22.447],[4.78,22.539],[4.564,22.65],[4.423,22.883],[4.436,23.196],[4.432,23.399],[4.608,23.651],[4.683,23.796],[4.648,23.845],[4.507,23.995],[4.277,24.193],[4.251,24.233],[3.925,24.303],[3.616,24.242],[3.254,24.224],[2.91,24.189],[2.531,24.189],[2.258,24.277],[1.667,24.374],[1.305,24.638],[1.067,24.85],[1.614,25.079],[1.958,25.115],[2.081,24.806],[2.408,24.78],[2.522,25.124],[2.637,25.556],[2.734,25.573],[2.751,25.238],[2.919,25.265],[2.999,25.335],[3.157,25.423],[3.14,25.582],[3.237,25.811],[3.219,26.129],[3.492,26.455],[3.554,26.808],[3.563,26.967],[3.748,26.932],[3.836,26.799],[4.092,26.817],[4.657,26.984],[4.802,26.962]]]}},{"type":"Feature","properties":{"n":"Massif de l'Aïr","r":3,"g":"Africa"},"geometry":{"type":"Polygon","coordinates":[[[8.925,17.367],[8.634,17.261],[8.502,17.402],[8.44,17.552],[8.264,17.728],[8.228,17.905],[8.387,18.116],[8.29,18.24],[8.123,18.566],[8.096,18.769],[7.682,18.99],[7.311,19.589],[7.466,19.741],[7.69,19.96],[7.751,20.02],[7.849,20.118],[8.158,20.304],[8.221,20.312],[8.351,20.329],[8.422,20.339],[8.651,20.357],[8.652,20.357],[8.67,20.352],[8.749,20.33],[8.74,20.074],[8.731,19.863],[8.819,19.598],[8.81,19.519],[9.04,19.325],[9.313,19.157],[9.534,19.069],[9.728,18.796],[9.838,18.575],[9.851,18.549],[9.838,18.507],[9.789,18.355],[9.657,18.205],[9.507,18.09],[9.34,18.09],[9.26,17.993],[9.472,17.887],[9.684,17.79],[9.542,17.72],[9.357,17.711],[8.925,17.367]]]}},{"type":"Feature","properties":{"n":"Monts Mitumba","r":3,"g":"Africa"},"geometry":{"type":"Polygon","coordinates":[[[29.033,-4.964],[29.139,-5.476],[28.823,-4.893],[28.751,-4.761],[28.685,-4.622],[28.652,-4.55],[28.451,-4.127],[28.011,-3.756],[28.16,-3.174],[28.266,-2.671],[28.39,-2.61],[28.398,-2.001],[28.407,-1.531],[28.407,-1.525],[28.498,-1.131],[28.531,-0.987],[28.663,-0.44],[29.078,0.407],[29.466,0.707],[29.713,1.095],[30.162,1.624],[30.494,1.888],[30.639,2.003],[30.877,2.294],[31.097,2.717],[31.353,2.7],[31.353,2.471],[31.15,2.127],[31.018,2.021],[30.542,1.624],[30.409,1.315],[30.414,1.166],[30.418,1.033],[30.18,0.574],[29.835,0.06],[29.801,0.01],[29.757,-0.004],[29.607,-0.052],[29.422,-0.343],[29.316,-0.687],[29.439,-0.731],[29.386,-1.049],[29.36,-1.304],[29.122,-1.498],[28.919,-2.001],[28.857,-2.451],[29.201,-3.297],[29.113,-3.747],[29.06,-4.021],[29.192,-4.338],[29.122,-4.691],[29.033,-4.964]]]}},{"type":"Feature","properties":{"n":"Petit Khingan","r":3,"g":"Asia"},"geometry":{"type":"Polygon","coordinates":[[[128.87,46.455],[128.767,46.445],[128.676,46.469],[128.595,46.521],[128.206,47.003],[128.197,47.022],[128.192,47.044],[128.198,47.186],[128.193,47.207],[127.271,48.571],[126.952,48.852],[126.831,48.909],[126.691,48.941],[126.285,48.967],[125.003,49.342],[124.773,49.483],[124.581,49.675],[124.559,49.71],[124.439,49.908],[124.362,50.17],[124.413,50.864],[124.42,50.955],[124.459,51.045],[124.52,51.124],[124.611,51.194],[124.688,51.254],[125.267,51.551],[125.783,51.657],[126.06,51.656],[126.328,51.613],[126.571,51.521],[126.774,51.376],[126.922,51.172],[126.939,51.118],[126.959,50.964],[127.073,50.752],[127.188,50.293],[127.229,50.206],[127.281,50.135],[127.746,49.782],[127.834,49.714],[127.943,49.657],[128.782,49.573],[130.078,49.099],[130.293,48.946],[130.44,48.765],[130.765,48.13],[130.84,47.878],[130.85,47.758],[130.827,47.659],[130.762,47.592],[130.646,47.571],[130.896,47.381],[130.925,47.34],[130.945,47.292],[130.962,47.214],[130.961,47.191],[130.952,47.176],[130.936,47.164],[130.765,47.086],[130.305,47.024],[130.233,46.995],[130.069,46.882],[129.994,46.851],[129.909,46.835],[129.735,46.831],[129.229,46.687],[128.989,46.506],[128.87,46.455]]]}},{"type":"Feature","properties":{"n":"Sikhote-Aline","r":3,"g":"Asia"},"geometry":{"type":"Polygon","coordinates":[[[133.134,42.828],[133.02,42.828],[132.907,42.834],[132.788,42.847],[132.734,42.863],[132.709,42.876],[132.691,42.875],[132.677,42.88],[132.589,42.947],[132.534,43.056],[132.516,43.179],[132.519,43.307],[132.53,43.428],[132.549,43.528],[132.588,43.625],[132.637,43.716],[132.693,43.8],[132.801,43.941],[133.663,44.878],[133.804,45.01],[134.258,45.359],[134.906,45.92],[135.922,47.002],[137.2,48.536],[137.355,48.698],[137.427,48.783],[137.487,48.878],[137.505,48.919],[137.556,49.064],[137.605,49.17],[137.786,49.468],[137.997,49.874],[138.077,50.005],[138.153,50.096],[138.804,50.602],[138.915,50.707],[139.223,51.035],[139.422,51.225],[139.631,51.402],[139.713,51.447],[139.798,51.466],[140.19,51.501],[140.296,51.499],[140.398,51.478],[140.507,51.414],[140.554,51.324],[140.559,51.216],[140.538,51.095],[140.374,50.408],[140.308,49.796],[140.305,49.694],[140.317,49.487],[140.31,49.385],[140.303,49.367],[140.28,49.339],[140.272,49.32],[140.271,49.304],[140.276,49.269],[140.274,49.253],[140.237,49.144],[140.195,49.045],[140.139,48.964],[140.007,48.808],[139.883,48.637],[139.817,48.557],[139.737,48.482],[139.481,48.295],[139.4,48.226],[139.327,48.152],[138.397,46.938],[137.766,46.263],[137.54,45.988],[137.362,45.807],[136.983,45.469],[136.866,45.354],[136.551,44.981],[136.427,44.867],[135.844,44.391],[135.501,44.065],[134.766,43.452],[134.697,43.41],[134.557,43.351],[134.263,43.245],[133.617,42.96],[133.34,42.863],[133.238,42.84],[133.134,42.828]]]}},{"type":"Feature","properties":{"n":"Monts de Verkhoïansk","r":3,"g":"Asia"},"geometry":{"type":"Polygon","coordinates":[[[139.213,62.725],[139.091,62.715],[138.95,62.725],[138.849,62.74],[138.453,62.845],[138.246,62.923],[138.138,62.956],[136.896,63.241],[134.507,63.578],[133.844,63.618],[132.161,63.831],[130.348,63.923],[128.748,64.177],[127.869,64.431],[127.635,64.515],[127.41,64.643],[127.162,64.84],[126.941,65.058],[126.749,65.298],[126.584,65.565],[126.396,66.058],[126.307,66.6],[126.299,67.153],[126.355,67.68],[126.41,67.95],[126.481,68.217],[126.884,69.344],[127.029,69.63],[127.209,69.898],[127.339,70.051],[127.48,70.193],[127.636,70.317],[127.806,70.421],[128.037,70.51],[128.285,70.561],[128.784,70.614],[129.043,70.608],[129.302,70.54],[129.544,70.424],[129.895,70.176],[130.044,70.088],[130.182,69.991],[130.287,69.866],[130.344,69.72],[130.372,69.562],[130.379,69.399],[130.358,68.747],[130.319,68.507],[130.238,68.27],[130.131,68.039],[130.043,67.812],[129.995,67.577],[130.013,67.32],[130.115,66.898],[130.251,66.489],[130.44,66.113],[130.701,65.79],[130.862,65.662],[131.498,65.31],[131.589,65.273],[131.682,65.243],[134.749,64.668],[135.873,64.569],[137.333,64.313],[138.374,64.043],[138.668,63.986],[138.808,63.948],[139.041,63.853],[139.254,63.72],[139.422,63.54],[139.515,63.307],[139.521,63.196],[139.502,63.086],[139.465,62.981],[139.413,62.884],[139.319,62.774],[139.213,62.725]]]}},{"type":"Feature","properties":{"n":"Montagnes centrales","r":3,"g":"Asia"},"geometry":{"type":"Polygon","coordinates":[[[108.543,11.73],[108.462,11.708],[107.734,11.721],[107.628,11.745],[107.543,11.785],[107.478,11.841],[107.43,11.911],[107.399,11.997],[107.357,13.009],[107.077,13.779],[107.037,14.447],[106.883,14.783],[106.813,15.119],[106.8,15.754],[106.813,15.789],[106.86,15.817],[107.13,15.893],[107.464,15.93],[107.551,15.912],[107.752,15.838],[107.827,15.789],[107.867,15.743],[107.987,15.52],[108.781,12.83],[108.784,12.355],[108.749,12.21],[108.68,11.923],[108.634,11.817],[108.597,11.767],[108.543,11.73]]]}},{"type":"Feature","properties":{"n":"monts Qilian","r":3,"g":"Asia"},"geometry":{"type":"Polygon","coordinates":[[[102.957,37.451],[102.462,36.44],[102.303,36.219],[102.165,36.077],[102.064,36.047],[102.026,36.071],[101.94,36.164],[101.915,36.179],[101.879,36.188],[101.104,36.156],[100.79,36.204],[99.874,36.559],[99.465,36.84],[99.24,36.929],[98.993,36.963],[98.365,36.92],[98.213,36.947],[98.082,37.021],[97.62,37.46],[97.485,37.525],[96.673,37.544],[96.459,37.607],[96.354,37.66],[96.333,37.722],[96.277,37.768],[95.791,37.894],[95.296,38.111],[95.088,38.273],[94.582,38.459],[94.507,38.521],[94.477,38.597],[94.506,38.689],[94.569,38.749],[94.656,38.785],[95.285,38.807],[95.372,38.833],[95.421,38.862],[95.438,38.895],[95.427,38.93],[95.392,38.968],[95.193,39.085],[94.493,39.246],[94.393,39.308],[94.345,39.398],[94.366,39.521],[94.454,39.672],[94.57,39.797],[94.709,39.898],[95.026,40.037],[95.635,40.141],[95.656,40.138],[96.269,40.068],[97.436,39.935],[98.297,39.836],[98.53,39.768],[99.427,39.506],[99.527,39.477],[99.645,39.443],[99.697,39.402],[99.711,39.391],[100.859,38.483],[101.013,38.393],[101.113,38.355],[102.014,38.265],[102.238,38.243],[102.375,38.192],[102.497,38.123],[102.707,37.939],[102.864,37.709],[102.96,37.57],[102.957,37.451]]]}},{"type":"Feature","properties":{"n":"Monts Saïan","r":3,"g":"Asia"},"geometry":{"type":"Polygon","coordinates":[[[94.623,55.217],[95.016,55.193],[95.127,55.203],[95.326,55.265],[95.702,55.447],[95.928,55.507],[96.463,55.527],[96.725,55.48],[98.958,54.633],[99.285,54.453],[99.816,54.037],[103.432,52.357],[103.619,52.224],[103.687,52.142],[103.709,52.1],[103.719,52.063],[103.719,52.03],[103.664,51.86],[103.643,51.849],[103.294,51.843],[103.247,51.829],[103.231,51.802],[103.225,51.77],[103.198,51.758],[102.907,51.811],[102.725,51.774],[102.647,51.774],[102.6,51.793],[102.546,51.853],[102.513,51.878],[102.46,51.887],[102.286,51.856],[101.946,51.894],[101.681,51.883],[100.985,51.705],[98.388,51.716],[96.611,52.01],[95.941,52.365],[95.094,52.812],[93.999,53.131],[93.837,53.179],[92.845,53.838],[92.468,54.189],[91.824,54.606],[91.764,54.666],[91.712,54.736],[91.67,54.816],[91.638,54.911],[91.621,55.008],[91.622,55.09],[91.638,55.16],[91.669,55.222],[91.764,55.331],[92.213,55.689],[92.249,55.718],[92.443,55.82],[92.665,55.88],[92.676,55.88],[92.904,55.885],[93.136,55.836],[94.255,55.294],[94.623,55.217]]]}},{"type":"Feature","properties":{"n":"Monts Iablonovy","r":3,"g":"Asia"},"geometry":{"type":"Polygon","coordinates":[[[117.701,51.749],[117.059,51.266],[116.987,51.232],[116.905,51.225],[116.541,51.308],[116.439,51.286],[116.03,51.056],[115.924,51.017],[115.506,50.986],[115.385,50.94],[115.282,50.872],[115.198,50.781],[115.129,50.668],[114.888,49.866],[114.755,49.636],[114.663,49.541],[114.585,49.488],[114.55,49.464],[114.441,49.417],[114.2,49.37],[113.577,49.373],[113.371,49.461],[112.864,49.679],[111.263,49.942],[111.144,50.011],[111.068,50.119],[111.053,50.215],[111.088,50.303],[111.473,50.673],[111.898,51.405],[113.486,52.896],[113.703,53.17],[113.781,53.324],[113.865,53.746],[113.886,53.805],[113.921,53.866],[114.694,54.716],[114.816,54.805],[114.871,54.859],[115.433,56.404],[115.648,56.731],[116.194,57.31],[116.791,58.341],[116.919,58.492],[117.079,58.623],[117.278,58.728],[117.654,58.851],[118.002,58.907],[118.32,58.908],[118.86,58.79],[119.696,58.341],[120.599,58.184],[120.771,58.098],[120.939,57.967],[121.092,57.8],[121.224,57.607],[121.324,57.396],[121.385,57.177],[121.397,56.957],[121.074,55.675],[120.992,55.525],[120.35,54.685],[120.287,54.507],[120.249,54.439],[120.007,54.16],[119.935,54.021],[119.527,53.611],[119.463,53.578],[119.185,53.516],[119.129,53.48],[118.685,52.708],[118.398,52.437],[118.36,52.386],[118.33,52.327],[118.296,52.279],[118.24,52.248],[117.953,52.187],[117.899,52.159],[117.868,52.114],[117.77,51.849],[117.701,51.749]]]}},{"type":"Feature","properties":{"n":"Monts Dabie","r":3,"g":"Asia"},"geometry":{"type":"Polygon","coordinates":[[[117.201,31.207],[117.178,31.159],[116.022,30.079],[115.961,30.048],[115.897,30.032],[115.832,30.03],[115.769,30.045],[115.709,30.079],[115.654,30.133],[115.615,30.196],[115.55,30.435],[115.521,30.487],[115.473,30.535],[115.399,30.577],[115.193,30.654],[115.149,30.68],[115.111,30.712],[115.081,30.754],[115.058,30.809],[115.047,30.87],[115.046,30.903],[115.042,30.915],[115.032,30.926],[114.983,30.96],[114.932,30.983],[114.569,31.024],[114.397,31.09],[113.848,31.12],[113.609,31.184],[113.437,31.178],[113.381,31.185],[113.248,31.239],[113.117,31.325],[113.002,31.431],[112.917,31.544],[112.861,31.677],[112.826,32.286],[112.839,32.363],[112.865,32.429],[112.908,32.483],[112.97,32.525],[113.055,32.555],[113.321,32.584],[113.545,32.578],[113.59,32.566],[113.627,32.551],[113.932,32.302],[114.068,32.231],[114.203,32.198],[115.127,32.177],[115.637,32.091],[116.504,31.737],[117.097,31.377],[117.151,31.332],[117.188,31.291],[117.204,31.25],[117.201,31.207]]]}},{"type":"Feature","properties":{"n":"monts Nanling","r":3,"g":"Asia"},"geometry":{"type":"Polygon","coordinates":[[[113.089,23.653],[112.859,23.604],[112.302,23.296],[112.183,23.263],[111.859,23.263],[111.714,23.29],[111.572,23.358],[111.323,23.543],[111.197,23.605],[111.129,23.623],[111.058,23.632],[110.984,23.629],[110.785,23.721],[110.007,23.853],[109.976,23.868],[109.935,23.899],[109.899,23.935],[109.844,24.022],[109.81,24.118],[109.793,24.213],[109.8,24.387],[109.796,24.414],[109.787,24.436],[109.762,24.467],[109.731,24.489],[109.547,24.542],[109.518,24.557],[109.458,24.617],[109.428,24.687],[109.423,24.764],[109.438,24.843],[109.469,24.922],[109.56,25.059],[109.69,25.185],[109.705,25.205],[109.715,25.227],[109.749,25.372],[109.822,25.55],[109.827,25.583],[109.824,25.614],[110.112,25.816],[110.212,25.855],[110.306,25.87],[111.557,25.869],[111.661,25.847],[111.759,25.802],[111.928,25.648],[111.962,25.628],[112.041,25.602],[113.514,25.396],[113.757,25.319],[113.909,25.243],[113.992,25.179],[114.064,25.1],[114.092,25.055],[114.111,25.009],[114.12,24.961],[114.119,24.907],[114.107,24.868],[114.086,24.841],[114.058,24.822],[113.897,24.767],[113.823,24.714],[113.772,24.646],[113.663,24.301],[113.623,24.219],[113.563,24.146],[113.375,24],[113.322,23.939],[113.192,23.726],[113.162,23.696],[113.125,23.67],[113.089,23.653]]]}},{"type":"Feature","properties":{"n":"Ghâts occidentaux","r":3,"g":"Asia"},"geometry":{"type":"Polygon","coordinates":[[[76.791,10.549],[76.765,10.552],[76.467,10.585],[76.366,10.624],[76.279,10.657],[76.102,10.777],[76.041,10.839],[75.915,10.969],[75.833,11.086],[75.724,11.362],[75.646,11.468],[75.61,11.539],[75.563,11.703],[75.489,11.961],[75.449,12.044],[75.136,12.494],[74.863,13.551],[74.591,14.139],[74.391,14.442],[74.382,14.495],[74.335,14.575],[74.28,14.65],[74.223,14.709],[74.115,14.865],[74.052,15.021],[73.932,15.585],[73.637,16.035],[72.89,18.749],[72.899,18.779],[72.977,18.927],[73.006,19.021],[72.972,19.153],[72.901,19.015],[72.852,18.986],[72.859,19.293],[72.987,19.277],[72.86,19.332],[72.867,19.665],[72.948,19.948],[73.389,20.726],[73.425,20.764],[73.471,20.793],[73.533,20.81],[73.729,20.809],[73.832,20.784],[73.877,20.761],[73.916,20.73],[73.947,20.689],[73.97,20.636],[73.981,20.577],[73.985,20.51],[73.96,20.211],[74.083,18.525],[75.859,13.184],[76.339,12.26],[76.415,12.171],[76.541,12.12],[77.21,12.04],[77.33,11.987],[77.395,11.895],[77.389,11.785],[76.886,10.784],[76.879,10.673],[76.791,10.549]]]}},{"type":"Feature","properties":{"n":"Ghâts orientaux","r":3,"g":"Asia"},"geometry":{"type":"Polygon","coordinates":[[[78.7,11.328],[78.285,11.29],[78.095,11.308],[78.036,11.327],[77.89,11.433],[77.757,11.578],[77.709,11.656],[77.681,11.733],[77.679,11.804],[78.182,12.681],[78.68,14.15],[78.668,15.555],[78.754,15.871],[78.829,16.022],[79.799,17.134],[79.87,17.216],[79.939,17.27],[80.325,17.571],[81.2,18.584],[81.233,18.677],[81.28,19.091],[81.308,19.188],[81.358,19.276],[81.961,19.867],[82.024,19.895],[82.306,19.929],[82.372,19.955],[82.877,20.42],[83.133,20.584],[83.507,20.706],[83.713,20.738],[84.425,20.676],[84.517,20.647],[85.195,20.196],[85.236,20.138],[85.235,20.077],[85.19,20.003],[84.762,19.583],[84.596,19.204],[84.163,18.626],[83.134,17.71],[82.816,17.532],[82.458,17.421],[81.387,17.349],[81.198,17.301],[81.026,17.213],[80.725,16.95],[79.836,15.906],[79.749,15.742],[79.644,15.077],[79.639,14.758],[79.603,14.665],[79.479,14.453],[79.466,14.407],[79.461,14.323],[79.478,14.259],[79.513,14.209],[79.714,14.034],[79.752,13.968],[79.846,13.616],[79.861,13.429],[79.856,13.345],[79.573,12.528],[79.546,12.349],[79.508,12.231],[79.176,11.799],[79.159,11.766],[79.15,11.74],[79.151,11.724],[79.016,11.503],[78.986,11.458],[78.96,11.429],[78.937,11.413],[78.7,11.328]]]}},{"type":"Feature","properties":{"n":"Vindhya","r":3,"g":"Asia"},"geometry":{"type":"Polygon","coordinates":[[[76.879,22.714],[75.912,22.223],[75.747,22.204],[75.398,22.254],[75.287,22.253],[73.9,21.846],[73.774,21.85],[73.717,21.867],[73.645,21.926],[73.589,22.023],[73.552,22.146],[73.534,22.282],[73.537,22.416],[73.563,22.535],[73.614,22.627],[73.691,22.676],[73.717,22.702],[73.824,22.717],[74.408,22.641],[74.516,22.657],[74.615,22.702],[74.63,22.715],[74.716,22.823],[74.774,22.861],[76.08,23.192],[78.399,24.489],[78.645,24.537],[78.951,24.541],[79.252,24.476],[79.389,24.413],[79.509,24.326],[79.607,24.212],[79.667,24.081],[79.684,23.938],[79.664,23.79],[79.612,23.645],[79.534,23.512],[79.434,23.398],[79.318,23.311],[79.191,23.258],[78.29,23.204],[78.241,23.181],[78.198,23.152],[78.044,23.001],[77.93,22.922],[77.789,22.857],[76.879,22.714]]]}},{"type":"Feature","properties":{"n":"Monts Wuyi","r":3,"g":"Asia"},"geometry":{"type":"Polygon","coordinates":[[[116.91,25.368],[116.861,25.355],[116.798,25.363],[116.306,25.554],[116.159,25.646],[116.009,25.776],[115.896,25.91],[115.78,26.214],[115.772,26.262],[115.772,26.308],[115.914,26.918],[116.132,27.441],[116.353,27.796],[116.381,27.827],[117.158,28.398],[117.244,28.435],[117.464,28.465],[117.577,28.461],[118.243,28.286],[118.279,28.263],[118.326,28.192],[118.334,28.094],[118.027,26.64],[118.034,26.512],[117.868,25.824],[117.744,25.63],[117.667,25.557],[117.582,25.508],[116.91,25.368]]]}},{"type":"Feature","properties":{"n":"Tarbagataï","r":3,"g":"Asia"},"geometry":{"type":"Polygon","coordinates":[[[85.743,47.2],[85.767,47.139],[85.777,47.083],[85.775,47.029],[85.694,46.79],[85.637,46.698],[85.549,46.615],[85.309,46.482],[85.036,46.396],[84.297,46.348],[84.043,46.38],[83.987,46.398],[83.965,46.412],[83.895,46.484],[83.877,46.536],[83.899,46.588],[84.099,46.778],[84.104,46.816],[84.062,46.848],[83.545,46.987],[83.256,47.003],[83.133,46.983],[82.987,46.911],[82.926,46.896],[82.513,46.907],[82.399,46.935],[82.075,47.085],[82.015,47.124],[81.977,47.158],[81.718,47.131],[81.386,47.143],[81.294,47.169],[81.182,47.203],[80.485,47.206],[80.272,47.242],[80.107,47.322],[79.521,47.605],[79.274,47.79],[79.059,48.059],[79.028,48.142],[79.02,48.217],[79.031,48.285],[79.055,48.347],[79.329,48.753],[79.374,48.795],[79.428,48.824],[79.493,48.838],[81.162,48.715],[81.806,48.564],[82.758,48.11],[83.864,47.583],[85.476,47.424],[85.564,47.393],[85.641,47.343],[85.704,47.269],[85.743,47.2]]]}},{"type":"Feature","properties":{"n":"Altyn-Tagh","r":3,"g":"Asia"},"geometry":{"type":"Polygon","coordinates":[[[94.051,38.875],[94.002,38.545],[94.003,38.469],[94.024,38.403],[93.542,38.4],[93.405,38.438],[92.808,38.712],[92.625,38.758],[91.276,38.67],[91.221,38.644],[91.21,38.609],[91.237,38.567],[91.295,38.522],[91.74,38.331],[91.797,38.286],[91.844,38.232],[91.85,38.221],[91.88,38.167],[91.906,38.091],[91.92,37.956],[91.925,37.907],[91.91,37.824],[91.871,37.763],[91.814,37.722],[91.742,37.697],[91.66,37.687],[91.126,37.745],[90.619,37.716],[90.411,37.747],[90.36,37.746],[90.309,37.735],[90.054,37.63],[89.513,37.531],[89.42,37.514],[89.219,37.527],[89.064,37.537],[88.979,37.554],[88.979,37.59],[87.587,37.505],[86.869,37.627],[86.637,37.726],[86.508,37.822],[86.472,37.923],[86.511,38.023],[86.605,38.119],[86.875,38.282],[87.174,38.386],[87.913,38.641],[89.261,39.106],[89.472,39.179],[89.93,39.215],[93.837,39.518],[93.827,39.291],[93.837,39.238],[93.859,39.189],[94.011,39.001],[94.042,38.945],[94.051,38.875]]]}},{"type":"Feature","properties":{"n":"Monts Asir","r":3,"g":"Asia"},"geometry":{"type":"Polygon","coordinates":[[[43.861,16.532],[43.744,16.36],[43.59,16.412],[43.441,16.577],[43.342,16.745],[43.336,16.756],[43.198,17.036],[43.044,17.308],[41.977,18.92],[41.579,19.376],[41.468,19.542],[41.324,19.843],[41.138,20.297],[41.071,20.461],[40.913,20.751],[40.796,20.913],[40.694,21.073],[40.658,21.237],[40.741,21.413],[40.926,21.524],[41.158,21.538],[41.398,21.483],[41.604,21.387],[41.72,21.305],[42.031,21.024],[42.223,20.862],[42.384,20.706],[42.524,20.534],[42.654,20.321],[43.012,19.608],[43.152,19.252],[43.319,18.96],[43.372,18.842],[43.407,18.719],[43.516,18.196],[43.817,17.245],[43.866,17.004],[43.886,16.759],[43.861,16.532]]]}},{"type":"Feature","properties":{"n":"Alborz","r":3,"g":"Asia"},"geometry":{"type":"Polygon","coordinates":[[[52.007,36.568],[52.669,36.615],[52.825,36.648],[52.966,36.691],[53.254,36.808],[53.424,36.858],[53.594,36.87],[53.726,36.862],[53.679,36.853],[53.769,36.818],[53.906,36.813],[53.97,36.818],[54.016,36.85],[54.017,36.852],[54.14,36.856],[54.744,36.948],[54.929,36.958],[55.065,36.912],[55.141,36.797],[55.149,36.602],[55.102,36.449],[55.017,36.362],[54.899,36.31],[54.109,36.037],[53.89,35.974],[53.654,35.922],[53.549,35.884],[53.451,35.822],[53.33,35.702],[53.215,35.572],[53.091,35.46],[52.944,35.394],[52.839,35.38],[52.716,35.375],[52.593,35.38],[52.49,35.393],[52.361,35.44],[52.11,35.58],[51.983,35.633],[51.561,35.732],[51.436,35.782],[51.331,35.848],[51.137,35.996],[51.032,36.055],[50.886,36.113],[50.423,36.259],[50.052,36.417],[49.335,36.788],[48.96,36.939],[48.597,37.035],[48.386,37.121],[48.235,37.253],[48.185,37.426],[48.28,37.634],[48.311,37.67],[48.446,37.791],[48.584,37.853],[48.732,37.848],[48.895,37.766],[49.342,37.469],[49.5,37.388],[49.67,37.325],[50.003,37.23],[50.758,36.851],[51.37,36.651],[52.007,36.568]]]}},{"type":"Feature","properties":{"n":"Alpes scandinaves","r":3,"g":"Europe"},"geometry":{"type":"Polygon","coordinates":[[[7.267,58.519],[6.362,58.635],[6.108,58.871],[6.137,58.875],[6.214,58.945],[6.363,59.001],[6.321,59.016],[6.099,58.952],[6.017,58.988],[5.931,59.037],[5.9,59.065],[5.89,59.099],[5.949,59.135],[5.969,59.186],[5.937,59.234],[5.952,59.299],[6.051,59.368],[6.199,59.438],[6.306,59.506],[6.415,59.547],[6.404,59.561],[6.279,59.535],[6.159,59.49],[6.017,59.414],[5.845,59.353],[5.818,59.348],[5.727,59.667],[5.772,59.661],[5.867,59.734],[5.991,59.745],[6.217,59.818],[6.212,59.832],[6.059,59.816],[5.967,59.813],[5.834,59.795],[5.763,59.808],[5.73,59.863],[5.784,59.913],[5.996,60.031],[6.07,60.083],[6.112,60.132],[6.105,60.165],[6.141,60.233],[6.349,60.353],[6.518,60.408],[6.574,60.361],[6.526,60.214],[6.527,60.153],[6.661,60.367],[6.72,60.418],[6.787,60.454],[6.95,60.478],[6.996,60.512],[6.806,60.501],[6.347,60.419],[6.153,60.346],[6.102,60.29],[5.967,60.206],[5.904,60.151],[5.877,60.07],[5.801,60.026],[5.699,60.01],[5.671,59.99],[5.656,60.114],[5.689,60.123],[5.658,60.154],[5.65,60.154],[5.588,60.644],[5.588,60.65],[5.648,60.688],[5.59,60.694],[5.611,61.07],[5.984,61.117],[6.293,61.081],[6.418,61.084],[6.61,61.137],[6.778,61.142],[6.903,61.102],[6.972,61.056],[6.981,60.994],[7.039,60.953],[7.078,60.966],[7.047,61.015],[7.04,61.091],[7.545,61.177],[7.604,61.211],[7.404,61.222],[7.347,61.301],[7.453,61.419],[7.443,61.435],[7.331,61.372],[7.276,61.284],[7.298,61.214],[7.276,61.181],[7.174,61.166],[6.943,61.161],[6.794,61.19],[6.657,61.207],[6.61,61.229],[6.626,61.279],[6.6,61.29],[6.543,61.245],[6.493,61.155],[6.383,61.134],[6.083,61.167],[5.647,61.148],[5.615,61.14],[5.629,61.404],[5.975,61.795],[6.016,61.788],[6.467,61.807],[6.731,61.87],[6.682,61.887],[6.396,61.851],[6.131,61.852],[6.039,61.866],[6.052,61.881],[7.583,62.551],[7.653,62.564],[7.691,62.586],[7.67,62.589],[7.988,62.728],[8.096,62.732],[8.061,62.759],[8.429,62.92],[8.623,62.846],[8.609,62.881],[8.494,62.949],[9.572,63.42],[9.798,63.55],[9.832,63.524],[9.892,63.492],[9.936,63.479],[9.979,63.395],[10.021,63.391],[10.081,63.433],[10.189,63.455],[10.34,63.469],[10.591,63.447],[10.704,63.464],[10.76,63.461],[10.707,63.536],[10.674,63.558],[10.725,63.625],[10.779,63.651],[10.953,63.698],[11.118,63.719],[11.226,63.764],[11.371,63.805],[11.348,63.838],[11.308,63.876],[11.214,63.878],[11.176,63.899],[11.295,63.948],[11.458,64.003],[11.429,64.025],[11.307,64.049],[11.214,64.031],[11.075,63.988],[10.914,63.921],[10.967,63.902],[11.047,63.845],[10.935,63.77],[10.339,63.571],[10.055,63.513],[9.924,63.522],[9.893,63.576],[9.871,63.591],[10.516,63.96],[12.082,65.155],[12.16,65.179],[12.227,65.145],[12.307,65.086],[12.508,65.099],[12.738,65.214],[12.916,65.339],[12.82,65.317],[12.715,65.266],[12.512,65.195],[12.418,65.184],[12.364,65.193],[12.334,65.241],[12.263,65.256],[12.2,65.246],[12.248,65.282],[13.007,65.949],[13.033,65.956],[13.026,65.965],[13.253,66.164],[13.387,66.183],[13.674,66.18],[13.76,66.221],[13.916,66.247],[14.034,66.298],[13.973,66.32],[13.681,66.274],[13.499,66.252],[13.416,66.253],[13.352,66.237],[13.335,66.236],[14.106,66.913],[14.424,67.149],[14.473,67.143],[14.601,67.174],[14.776,67.194],[15.416,67.202],[15.435,67.247],[15.3,67.257],[14.824,67.268],[14.585,67.267],[14.994,67.57],[15.121,67.555],[15.289,67.483],[15.409,67.474],[15.465,67.451],[15.553,67.352],[15.594,67.349],[15.576,67.444],[15.692,67.521],[15.661,67.543],[15.487,67.515],[15.354,67.544],[15.249,67.602],[15.219,67.655],[15.284,67.708],[15.346,67.734],[15.315,67.757],[16.081,68.149],[16.121,68.027],[16.261,67.887],[16.312,67.881],[16.259,68.001],[16.309,68.036],[16.372,68.062],[16.392,68.092],[16.319,68.102],[16.26,68.145],[16.215,68.217],[16.339,68.281],[16.649,68.4],[16.865,68.355],[16.951,68.355],[17.094,68.368],[17.336,68.41],[17.479,68.426],[17.553,68.426],[17.571,68.447],[17.502,68.461],[17.48,68.474],[17.426,68.482],[17.202,68.459],[16.815,68.464],[17.846,68.86],[19.641,69.428],[19.642,69.424],[19.648,69.43],[20.335,69.647],[20.338,69.617],[20.277,69.536],[20.044,69.356],[20.054,69.333],[20.107,69.341],[20.198,69.371],[20.487,69.542],[20.739,69.521],[20.743,69.535],[20.662,69.585],[20.563,69.633],[20.533,69.692],[20.534,69.71],[20.779,69.787],[21.564,69.95],[21.59,69.938],[21.78,69.887],[21.932,69.815],[21.975,69.835],[21.893,70.004],[21.879,70.014],[22.861,70.063],[23.147,70.046],[23.177,70.029],[23.258,69.993],[23.354,69.983],[23.4,70.02],[23.374,70.032],[23.847,70.004],[24.446,69.872],[24.282,69.7],[21.133,68.749],[21.034,68.708],[19.653,68.143],[18.153,67.321],[17.196,66.634],[16.825,66.367],[12.875,62.996],[11.719,62.127],[10.106,61.085],[9.43,60.715],[9.385,60.69],[8.79,60.186],[8.127,59.319],[7.741,58.815],[7.267,58.519]]]}},{"type":"Feature","properties":{"n":"Carpates","r":3,"g":"Europe"},"geometry":{"type":"Polygon","coordinates":[[[20.746,49.94],[20.989,49.937],[21.696,49.988],[22.175,49.941],[22.573,49.837],[22.958,49.679],[23.689,49.287],[24.434,48.807],[24.818,48.597],[25.227,48.474],[25.391,48.438],[25.541,48.385],[25.836,48.25],[26.034,48.141],[26.211,48.008],[26.373,47.851],[26.527,47.673],[26.729,47.402],[26.909,47.11],[27.055,46.801],[27.156,46.481],[27.202,46.103],[27.153,45.746],[26.991,45.44],[26.697,45.218],[26.576,45.176],[26.363,45.103],[26.009,45.044],[25.648,45.025],[25.47,45.025],[25.048,45.026],[23.877,44.863],[23.666,44.821],[23.428,44.751],[23.09,44.65],[22.739,44.605],[22.73,44.604],[22.369,44.617],[22.277,44.635],[22.004,44.691],[21.929,44.732],[21.77,44.821],[21.724,44.846],[21.604,45.081],[21.584,45.321],[21.579,45.376],[21.585,45.711],[21.635,46.044],[21.752,46.4],[21.996,46.993],[22.13,47.205],[22.355,47.406],[22.637,47.573],[23.185,47.768],[23.313,47.867],[23.359,47.991],[23.355,48.146],[23.251,48.325],[23.008,48.496],[22.669,48.633],[22.278,48.71],[21.966,48.708],[21.781,48.637],[21.457,48.351],[21.251,48.232],[21.024,48.154],[20.788,48.104],[20.57,48.072],[20.552,48.069],[20.537,48.066],[20.2,47.993],[20.114,47.974],[20.091,47.969],[20.077,47.968],[19.855,47.947],[19.637,48],[19.392,48.151],[19.274,48.213],[19.126,48.255],[18.601,48.327],[18.349,48.392],[18.112,48.514],[17.73,48.765],[17.553,48.933],[17.483,49.121],[17.594,49.546],[17.868,49.79],[18.277,49.925],[18.516,49.968],[18.791,50.018],[19.31,50.067],[19.768,50.047],[20.611,49.941],[20.746,49.94]]]}},{"type":"Feature","properties":{"n":"Apennin ligure","r":3,"g":"Europe"},"geometry":{"type":"Polygon","coordinates":[[[16.035,39.911],[15.984,39.901],[15.939,39.907],[15.898,39.923],[15.757,40.007],[15.739,40.017],[15.532,40.186],[15.404,40.269],[15.367,40.304],[15.044,40.688],[14.864,40.867],[14.662,41.012],[14.448,41.115],[14.191,41.217],[13.931,41.298],[13.515,41.391],[13.313,41.495],[13.111,41.647],[12.916,41.845],[12.836,41.954],[12.769,42.072],[12.712,42.196],[12.663,42.322],[12.622,42.46],[12.557,42.744],[12.509,42.877],[12.488,42.914],[12.231,43.21],[12.117,43.36],[12.056,43.428],[11.979,43.487],[11.41,43.818],[11.202,43.917],[10.985,43.988],[10.386,44.06],[9.992,44.167],[9.52,44.335],[9.344,44.398],[9.143,44.508],[9.005,44.658],[8.992,44.689],[8.94,44.813],[8.96,44.941],[9.185,45.07],[9.509,45.02],[12.334,44.028],[12.859,43.75],[13.238,43.424],[13.496,43.066],[13.657,42.692],[13.839,42.372],[14.111,42.146],[14.421,41.985],[14.715,41.858],[15.037,41.655],[15.419,41.334],[15.787,40.971],[16.064,40.641],[16.113,40.574],[16.156,40.508],[16.186,40.438],[16.197,40.358],[16.196,40.274],[16.189,40.189],[16.172,40.107],[16.148,40.053],[16.138,40.03],[16.108,39.983],[16.075,39.941],[16.035,39.911]]]}},{"type":"Feature","properties":{"n":"Pyrénées","r":3,"g":"Europe"},"geometry":{"type":"Polygon","coordinates":[[[-0.009,43.308],[2.014,42.955],[2.333,42.872],[2.624,42.852],[2.849,42.794],[3.021,42.673],[3.126,42.497],[3.152,42.274],[3.153,42.235],[3.159,42.211],[3.15,42.162],[3.175,42.136],[3.18,42.134],[3.18,42.132],[3.174,42.063],[3.136,42.008],[3.077,41.971],[3.01,41.955],[2.865,41.955],[1.313,42.145],[1.081,42.193],[0.862,42.265],[0.447,42.369],[-1.163,42.628],[-1.355,42.69],[-1.543,42.768],[-1.725,42.857],[-1.901,42.956],[-1.946,42.984],[-2.062,43.059],[-2.138,43.118],[-2.234,43.209],[-2.263,43.242],[-2.278,43.268],[-2.283,43.277],[-2.286,43.313],[-2.285,43.315],[-2.284,43.32],[-2.282,43.325],[-2.281,43.326],[-2.197,43.322],[-1.991,43.345],[-1.829,43.401],[-1.794,43.407],[-1.631,43.438],[-1.613,43.454],[-1.588,43.46],[-1.481,43.475],[-1.391,43.473],[-1.128,43.414],[-0.009,43.308]]]}},{"type":"Feature","properties":{"n":"Sierra Madre del Sur","r":3,"g":"North America"},"geometry":{"type":"Polygon","coordinates":[[[-103.034,20.213],[-102.731,20.214],[-102.722,20.214],[-102.494,20.3],[-102.359,20.352],[-102.32,20.367],[-102.085,20.4],[-101.909,20.359],[-101.835,20.214],[-101.687,20.22],[-101.674,20.22],[-101.446,20.347],[-101.437,20.363],[-101.359,20.493],[-101.27,20.555],[-101.215,20.594],[-101.042,20.479],[-100.98,20.309],[-100.77,20.106],[-100.645,20.074],[-100.447,19.924],[-100.296,19.951],[-100.247,19.96],[-100.085,20.063],[-99.94,19.878],[-99.832,19.677],[-99.7,19.506],[-99.502,19.38],[-99.235,19.226],[-98.913,19.125],[-98.717,18.982],[-98.627,19.009],[-98.329,19.031],[-98.096,18.983],[-97.8,19.048],[-97.536,19.172],[-97.324,19.313],[-97.2,19.489],[-97.13,19.736],[-97.006,20.107],[-96.74,20.22],[-96.709,20.188],[-96.456,19.87],[-96.407,19.7],[-96.583,19.577],[-96.707,19.401],[-96.777,19.207],[-96.812,18.907],[-96.785,18.565],[-96.532,18.185],[-96.142,17.937],[-95.753,17.538],[-95.346,17.384],[-95.076,17.443],[-95.081,17.065],[-95.083,17.056],[-95.2,16.161],[-95.283,16.086],[-95.446,15.986],[-95.695,15.916],[-96.001,15.803],[-96.253,15.691],[-96.263,15.691],[-96.584,15.689],[-96.811,15.748],[-97.172,15.931],[-97.686,15.978],[-97.959,16.173],[-98.476,16.318],[-98.738,16.565],[-98.982,16.614],[-99.654,16.726],[-99.841,16.889],[-100.146,16.972],[-100.54,17.133],[-100.921,17.267],[-101.114,17.408],[-101.405,17.547],[-101.593,17.725],[-101.835,17.948],[-102.08,18.032],[-102.142,17.963],[-102.217,17.957],[-102.547,18.041],[-102.589,18.047],[-102.846,18.138],[-103.281,18.287],[-103.461,18.368],[-103.653,18.632],[-103.78,18.801],[-104.009,18.96],[-104.295,19.041],[-104.398,19.087],[-104.405,19.091],[-104.415,19.094],[-104.744,19.241],[-104.995,19.431],[-105.085,19.603],[-105.297,19.771],[-105.433,19.966],[-105.519,20.217],[-105.595,20.402],[-105.546,20.496],[-105.543,20.498],[-105.377,20.512],[-105.28,20.568],[-105.27,20.57],[-105.268,20.575],[-105.26,20.579],[-105.249,20.617],[-105.218,20.691],[-105.13,20.856],[-104.959,20.926],[-104.845,20.972],[-104.671,20.913],[-104.522,20.861],[-104.305,20.755],[-103.973,20.621],[-103.651,20.391],[-103.322,20.299],[-103.067,20.223],[-103.034,20.213]]]}},{"type":"Feature","properties":{"n":"chaînes côtières du Pacifique","r":3,"g":"North America"},"geometry":{"type":"MultiPolygon","coordinates":[[[[-124.152,48.23],[-124.099,48.2],[-123.976,48.168],[-123.795,48.155],[-123.789,48.154],[-123.778,48.154],[-123.294,48.12],[-123.25,48.124],[-123.2,48.141],[-123.051,48.1],[-123.024,48.082],[-122.974,48.073],[-122.957,48.074],[-122.873,48.051],[-122.863,47.75],[-123.051,47.552],[-123.131,47.438],[-123.139,47.386],[-123.136,47.356],[-123.104,47.348],[-123.031,47.36],[-122.922,47.408],[-122.917,47.418],[-123.018,47.401],[-123.067,47.4],[-123.06,47.454],[-123.049,47.479],[-122.982,47.559],[-122.913,47.607],[-122.876,47.627],[-122.905,47.396],[-122.88,47.31],[-122.92,47.29],[-122.956,47.245],[-122.988,47.173],[-123.028,47.139],[-122.914,47.131],[-122.832,47.143],[-122.831,47.138],[-122.758,46.662],[-122.716,46.388],[-122.643,45.882],[-122.641,45.725],[-122.636,45.462],[-122.974,45.243],[-123.061,44.684],[-123.207,44.398],[-123.225,43.763],[-123.331,43.234],[-123.225,42.837],[-122.855,42.308],[-122.379,41.541],[-122.38,41.425],[-122.384,41.092],[-122.384,41.055],[-122.513,40.736],[-122.686,40.589],[-122.727,40.554],[-122.749,40.535],[-122.745,40.456],[-122.738,40.334],[-122.723,40.059],[-122.614,39.785],[-122.416,39.284],[-122.061,38.842],[-122.008,38.419],[-122.002,38.314],[-121.99,38.118],[-121.993,38.12],[-122.031,38.124],[-122.154,38.066],[-122.208,38.073],[-122.337,38.136],[-122.393,38.145],[-122.484,38.109],[-122.495,37.954],[-122.467,37.838],[-122.515,37.828],[-122.565,37.86],[-122.584,37.874],[-122.591,37.876],[-122.646,37.911],[-122.942,38.066],[-122.974,38.171],[-122.978,38.227],[-122.877,38.123],[-122.908,38.197],[-122.987,38.277],[-123.009,38.287],[-123.04,38.392],[-123.352,38.626],[-123.675,39.002],[-123.73,39.139],[-123.79,39.291],[-123.788,39.481],[-123.778,39.515],[-123.783,39.619],[-123.833,39.775],[-123.884,39.861],[-123.898,39.875],[-123.929,39.949],[-124.103,40.089],[-124.108,40.095],[-124.127,40.108],[-124.329,40.27],[-124.335,40.291],[-124.369,40.47],[-124.372,40.491],[-124.335,40.573],[-124.249,40.704],[-124.22,40.696],[-124.208,40.746],[-124.19,40.772],[-124.204,40.773],[-124.151,40.852],[-124.11,41.112],[-124.069,41.375],[-124.06,41.431],[-124.075,41.47],[-124.118,41.622],[-124.163,41.719],[-124.173,41.727],[-124.183,41.753],[-124.186,41.763],[-124.21,41.845],[-124.217,41.866],[-124.209,41.889],[-124.212,41.985],[-124.269,42.04],[-124.278,42.069],[-124.393,42.45],[-124.411,42.509],[-124.406,42.584],[-124.444,42.67],[-124.478,42.722],[-124.482,42.734],[-124.417,43.126],[-124.347,43.342],[-124.321,43.368],[-124.275,43.367],[-124.197,43.423],[-124.233,43.436],[-124.288,43.41],[-124.239,43.54],[-124.184,43.652],[-124.149,43.692],[-124.131,44.056],[-124.103,44.298],[-124.099,44.319],[-124.094,44.342],[-124.047,44.425],[-124.064,44.511],[-123.94,45.192],[-123.913,45.695],[-123.958,45.917],[-123.947,46.141],[-123.975,46.178],[-123.989,46.219],[-123.963,46.225],[-123.912,46.182],[-123.674,46.183],[-123.522,46.223],[-123.466,46.209],[-123.402,46.155],[-123.322,46.144],[-123.221,46.154],[-123.251,46.167],[-123.299,46.171],[-123.405,46.221],[-123.465,46.271],[-123.65,46.268],[-123.688,46.3],[-123.896,46.268],[-123.96,46.301],[-124.032,46.287],[-124.046,46.356],[-124.047,46.365],[-124.045,46.373],[-124.05,46.491],[-124.044,46.605],[-124.016,46.521],[-123.946,46.433],[-123.912,46.533],[-123.889,46.66],[-123.958,46.709],[-124.072,46.745],[-124.113,46.863],[-123.843,46.963],[-123.986,46.984],[-124.042,47.03],[-124.112,47.035],[-124.117,47],[-124.139,46.955],[-124.164,47.015],[-124.171,47.087],[-124.199,47.209],[-124.217,47.24],[-124.222,47.27],[-124.361,47.602],[-124.376,47.659],[-124.4,47.694],[-124.404,47.704],[-124.412,47.713],[-124.46,47.784],[-124.521,47.83],[-124.665,47.985],[-124.673,48.022],[-124.683,48.249],[-124.666,48.325],[-124.313,48.263],[-124.152,48.23]]],[[[-122.852,47.209],[-122.853,47.205],[-122.863,47.185],[-122.877,47.186],[-122.908,47.226],[-122.912,47.254],[-122.885,47.275],[-122.857,47.23],[-122.852,47.209]]],[[[-121.78,38.005],[-121.526,37.898],[-121.522,37.896],[-121.297,37.637],[-121.241,37.573],[-121.237,37.568],[-121.003,37.258],[-120.926,37.157],[-120.808,37.045],[-120.807,37.044],[-120.643,36.889],[-120.391,36.535],[-120.377,36.517],[-120.236,36.216],[-119.9,35.78],[-119.892,35.769],[-119.601,35.362],[-119.135,35.067],[-119.412,34.916],[-119.856,34.786],[-120.268,34.781],[-120.609,34.708],[-120.639,35.054],[-120.634,35.076],[-120.642,35.091],[-120.646,35.138],[-120.871,35.27],[-120.882,35.286],[-120.86,35.365],[-120.9,35.425],[-121.023,35.481],[-121.028,35.486],[-121.082,35.561],[-121.337,35.78],[-121.344,35.792],[-121.38,35.821],[-121.585,36.117],[-121.717,36.197],[-121.867,36.323],[-121.911,36.448],[-121.919,36.572],[-121.889,36.603],[-121.807,36.647],[-121.81,36.7],[-121.79,36.732],[-121.795,36.801],[-121.807,36.851],[-121.819,36.865],[-121.823,36.95],[-121.994,36.96],[-122.079,36.975],[-122.321,37.138],[-122.364,37.178],[-122.4,37.274],[-122.408,37.373],[-122.487,37.519],[-122.475,37.787],[-122.446,37.798],[-122.384,37.789],[-122.39,37.741],[-122.37,37.656],[-122.298,37.592],[-122.229,37.564],[-122.166,37.502],[-122.119,37.483],[-122.071,37.478],[-122.097,37.518],[-122.124,37.544],[-122.158,37.626],[-122.222,37.732],[-122.296,37.79],[-122.333,37.897],[-122.365,37.921],[-122.385,37.961],[-122.314,38.007],[-122.217,38.041],[-122.087,38.05],[-121.871,38.041],[-121.78,38.005]]]]}},{"type":"Feature","properties":{"n":"Sierra Madre orientale","r":3,"g":"North America"},"geometry":{"type":"Polygon","coordinates":[[[-98.137,20.201],[-98.593,20.162],[-99.095,20.374],[-99.492,20.666],[-99.81,21.221],[-99.914,21.808],[-100.07,22.513],[-100.095,23.243],[-100.571,23.905],[-100.683,24.396],[-101.33,24.886],[-102.254,25.175],[-102.499,25.465],[-102.768,25.783],[-103.281,26.297],[-103.408,26.698],[-103.382,27.359],[-103.223,27.888],[-103.197,28.417],[-103.188,28.992],[-103.099,29.087],[-102.886,29.316],[-102.699,29.711],[-102.678,29.72],[-102.376,29.849],[-101.889,29.805],[-101.851,29.8],[-101.334,29.729],[-101.32,29.649],[-101.212,29.026],[-101.214,28.979],[-101.239,28.497],[-101.159,27.941],[-100.917,27.459],[-100.606,27.06],[-100.492,26.913],[-100.365,26.751],[-99.81,25.666],[-99.281,24.74],[-98.91,23.576],[-98.658,22.293],[-98.566,21.671],[-98.264,21.211],[-97.773,20.93],[-97.952,20.539],[-98.137,20.201]]]}},{"type":"Feature","properties":{"n":"sierra Nevada","r":3,"g":"North America"},"geometry":{"type":"Polygon","coordinates":[[[-118.198,35.111],[-118.595,34.873],[-118.727,34.895],[-118.842,34.995],[-118.87,35.152],[-118.87,35.352],[-118.799,35.752],[-118.855,36.096],[-119.123,36.441],[-119.418,36.828],[-119.848,37.047],[-120.275,37.513],[-120.285,37.524],[-120.391,37.619],[-120.645,37.847],[-120.871,38.11],[-121.071,38.525],[-121.232,38.89],[-121.286,39.011],[-121.457,39.297],[-121.6,39.597],[-121.605,39.605],[-121.786,39.925],[-121.77,40.112],[-121.559,40.271],[-121.082,40.403],[-120.95,40.588],[-120.712,40.271],[-120.474,39.927],[-120.183,39.504],[-119.938,39.094],[-118.886,38.022],[-118.145,36.831],[-117.881,35.932],[-117.934,35.482],[-118.198,35.111]]]}},{"type":"Feature","properties":{"n":"Sierra Madre occidentale","r":3,"g":"North America"},"geometry":{"type":"Polygon","coordinates":[[[-104.26,20.894],[-104.671,20.913],[-104.959,20.926],[-104.963,20.926],[-105.382,20.766],[-105.42,20.775],[-105.476,20.776],[-105.495,20.782],[-105.511,20.809],[-105.456,20.844],[-105.394,20.926],[-105.302,21.027],[-105.237,21.119],[-105.225,21.25],[-105.233,21.38],[-105.209,21.491],[-105.226,21.501],[-105.218,21.518],[-105.182,22.007],[-105.572,22.735],[-106.266,23.311],[-106.874,24.105],[-107.245,24.766],[-107.813,25.335],[-108.382,25.93],[-108.965,26.473],[-109.573,27.253],[-109.917,27.963],[-110.34,28.867],[-110.431,29.017],[-110.711,29.476],[-110.764,30.217],[-110.764,30.693],[-110.752,30.721],[-110.578,31.143],[-110.196,31.143],[-109.758,31.143],[-108.784,31.086],[-108.144,30.428],[-108.019,30.116],[-107.721,29.37],[-107.774,28.947],[-107.228,28.011],[-106.781,27.364],[-106.441,27.072],[-106.401,27.038],[-105.978,26.674],[-105.551,26.01],[-105.351,25.587],[-105.339,25.561],[-105.313,25.507],[-104.823,24.709],[-104.326,23.927],[-103.461,23.443],[-103.197,22.941],[-102.614,22.835],[-102.222,22.376],[-102.297,21.882],[-102.688,21.381],[-103.053,21.053],[-103.421,21.049],[-103.844,20.987],[-104.26,20.894]]]}},{"type":"Feature","properties":{"n":"Montagnes Chugach","r":3,"g":"North America"},"geometry":{"type":"MultiPolygon","coordinates":[[[[-144.464,61.648],[-143.704,61.411],[-143.392,61.359],[-142.91,61.279],[-142.514,61.199],[-142.143,61.199],[-141.508,61.067],[-141.111,60.961],[-141,60.93],[-140.996,60.928],[-140.688,60.75],[-140.873,60.432],[-140.996,60.329],[-141.175,60.178],[-141.336,60.087],[-141.362,60.105],[-141.409,60.118],[-141.422,60.109],[-141.422,60.085],[-141.411,60.045],[-141.466,60.014],[-141.477,60.011],[-142.656,60.105],[-142.798,60.093],[-142.946,60.097],[-143.506,60.055],[-143.531,60.051],[-144.043,60.029],[-144.115,60.056],[-144.084,60.063],[-144.089,60.084],[-144.185,60.151],[-144.333,60.191],[-144.516,60.204],[-144.736,60.286],[-144.857,60.299],[-144.901,60.335],[-144.862,60.459],[-144.824,60.534],[-144.787,60.585],[-144.691,60.669],[-144.724,60.663],[-144.863,60.601],[-144.984,60.537],[-145.096,60.454],[-145.163,60.415],[-145.248,60.38],[-145.382,60.389],[-145.563,60.441],[-145.621,60.451],[-145.817,60.521],[-145.811,60.525],[-145.76,60.562],[-145.69,60.622],[-145.675,60.651],[-146.137,60.66],[-146.153,60.668],[-146.166,60.692],[-146.167,60.716],[-146.182,60.735],[-146.251,60.749],[-146.306,60.743],[-146.312,60.746],[-146.418,60.797],[-146.392,60.811],[-146.486,60.83],[-146.638,60.903],[-146.636,60.993],[-146.599,61.054],[-146.285,61.113],[-146.384,61.136],[-146.583,61.128],[-146.716,61.078],[-146.87,61.007],[-147.279,61.006],[-147.461,60.957],[-147.523,60.97],[-147.567,60.995],[-147.593,60.979],[-147.623,60.933],[-147.656,60.91],[-147.808,60.885],[-147.891,60.89],[-147.991,60.948],[-148.005,60.969],[-147.971,61.019],[-147.752,61.219],[-147.774,61.218],[-147.845,61.186],[-147.986,61.106],[-148.049,61.083],[-148.158,61.08],[-148.209,61.088],[-148.27,61.082],[-148.342,61.06],[-148.389,61.037],[-148.411,61.011],[-148.396,61.007],[-148.287,61.036],[-148.226,61.044],[-148.209,61.03],[-148.293,60.94],[-148.344,60.854],[-148.393,60.832],[-148.471,60.835],[-148.556,60.827],[-148.557,60.818],[-148.586,60.832],[-149.043,60.882],[-149.08,60.891],[-149.142,60.936],[-149.329,60.953],[-149.843,61.079],[-149.906,61.101],[-149.786,61.334],[-149.761,61.349],[-149.279,61.508],[-148.969,61.676],[-148.44,61.887],[-147.911,61.861],[-147.012,61.729],[-146.556,61.889],[-145.927,61.967],[-145.094,61.865],[-145.004,61.835],[-144.464,61.648]]],[[[-145.267,60.344],[-145.128,60.401],[-145.102,60.388],[-145.119,60.337],[-145.129,60.329],[-145.267,60.344]]],[[[-148.351,60.726],[-148.341,60.724],[-148.268,60.7],[-148.262,60.686],[-148.351,60.726]]],[[[-147.943,60.875],[-147.931,60.826],[-148.057,60.818],[-148.115,60.831],[-148.124,60.844],[-148.1,60.895],[-148.102,60.916],[-148.038,60.924],[-147.964,60.9],[-147.943,60.875]]]]}},{"type":"Feature","properties":{"n":"monts Mackenzie","r":3,"g":"North America"},"geometry":{"type":"Polygon","coordinates":[[[-131.119,65.79],[-129.734,65.697],[-128.779,65.701],[-127.97,65.594],[-127.398,65.392],[-126.768,65.258],[-126.182,65.05],[-125.989,64.93],[-125.601,64.905],[-125.055,64.72],[-124.815,64.468],[-124.535,64.302],[-124.213,63.973],[-123.815,63.604],[-123.579,63.261],[-123.249,62.995],[-123.21,62.602],[-123.156,62.198],[-123.199,61.649],[-123.358,61.252],[-123.426,61.051],[-123.427,61.047],[-123.528,60.749],[-123.549,60.687],[-123.528,60.511],[-123.525,60.483],[-123.72,60.183],[-123.723,60.179],[-123.988,59.839],[-124.154,59.627],[-124.565,59.711],[-124.72,59.561],[-124.739,59.549],[-125.028,59.37],[-125.359,59.345],[-125.463,59.338],[-126.084,59.433],[-126.571,59.578],[-126.721,59.623],[-127.019,59.654],[-127.499,59.787],[-127.501,59.787],[-128.191,59.815],[-128.469,59.94],[-129.071,60.213],[-129.164,60.41],[-129.47,61.065],[-130.607,61.623],[-131.372,61.758],[-131.593,61.776],[-131.697,61.784],[-131.732,61.787],[-132.244,61.904],[-132.563,62.007],[-133.03,62.159],[-133.174,62.288],[-133.306,62.628],[-133.385,63.078],[-133.616,63.241],[-134.064,63.557],[-134.139,63.572],[-134.576,63.66],[-135.793,63.634],[-136.23,63.62],[-136.931,63.554],[-137.254,63.675],[-137.354,63.713],[-137.275,64.348],[-137.129,64.889],[-137.09,65.036],[-136.505,65.324],[-136.158,65.671],[-135.74,65.697],[-135.185,65.618],[-134.391,65.75],[-133.474,65.946],[-132.544,65.83],[-131.119,65.79]]]}},{"type":"Feature","properties":{"n":"cordillère Occidentale","r":3,"g":"South America"},"geometry":{"type":"Polygon","coordinates":[[[-68.571,-18.553],[-69.289,-18.767],[-69.473,-18.544],[-69.512,-18.497],[-69.873,-18.061],[-69.926,-17.996],[-70.617,-17.973],[-71.552,-16.967],[-72.24,-16.562],[-73.193,-16.086],[-74.251,-15.592],[-75.257,-14.551],[-76.454,-12.814],[-77.018,-11.75],[-77.849,-10.388],[-78.537,-8.765],[-78.255,-8.659],[-78.018,-8.789],[-77.867,-8.871],[-77.518,-9.678],[-77.356,-10.053],[-76.323,-11.57],[-75.648,-12.479],[-74.586,-13.51],[-72.787,-14.71],[-70.388,-16.35],[-70.364,-16.374],[-69.054,-17.641],[-68.571,-18.553]]]}},{"type":"Feature","properties":{"n":"Cordillère Royale","r":3,"g":"South America"},"geometry":{"type":"Polygon","coordinates":[[[-65.836,-21.978],[-66.134,-22.149],[-66.21,-22.067],[-66.325,-21.943],[-66.656,-21.59],[-66.577,-21.087],[-66.525,-20.751],[-66.578,-20.611],[-66.693,-20.304],[-66.674,-19.633],[-66.861,-18.608],[-66.861,-18.164],[-66.861,-17.825],[-67.064,-17.685],[-67.699,-17.247],[-67.516,-16.685],[-67.471,-16.678],[-67.337,-16.657],[-67.14,-16.627],[-67.047,-16.613],[-66.32,-17.266],[-65.978,-17.954],[-65.954,-18.003],[-65.911,-18.09],[-65.426,-19.297],[-65.426,-19.335],[-65.481,-21.776],[-65.836,-21.978]]]}},{"type":"Feature","properties":{"n":"cordillère Orientale","r":3,"g":"South America"},"geometry":{"type":"Polygon","coordinates":[[[-75.639,-7.491],[-75.364,-9.044],[-75.318,-9.038],[-74.648,-8.942],[-74.627,-9.003],[-74.306,-9.945],[-74.023,-10.44],[-73.457,-11.429],[-73.424,-11.439],[-72.291,-11.779],[-72.204,-11.805],[-71.87,-11.905],[-71.59,-12.174],[-71.182,-12.566],[-71.175,-12.569],[-70.366,-12.916],[-69.33,-13.36],[-68.746,-13.574],[-68.024,-13.837],[-67.954,-13.863],[-67.905,-13.919],[-67.002,-14.948],[-66.653,-15.412],[-66.367,-15.794],[-65.44,-17.011],[-64.691,-17.215],[-63.588,-17.514],[-63.509,-17.755],[-63.416,-18.036],[-63.282,-18.441],[-63.128,-19.811],[-63.112,-19.948],[-63.116,-19.962],[-63.985,-22.806],[-64.911,-23.97],[-65.705,-24.552],[-65.705,-23.256],[-65.705,-23.018],[-65.406,-22.329],[-65.176,-21.8],[-65.388,-21.033],[-65.425,-19.337],[-65.426,-19.297],[-65.954,-18.003],[-65.97,-17.964],[-65.978,-17.954],[-66.949,-16.8],[-67.14,-16.627],[-67.691,-16.13],[-68.033,-15.821],[-68.497,-15.345],[-69.039,-14.789],[-69.476,-14.575],[-69.645,-14.492],[-69.672,-14.478],[-70.317,-14.162],[-70.441,-14.101],[-70.546,-14.083],[-71.79,-13.863],[-72.312,-13.682],[-73.087,-13.413],[-73.099,-13.404],[-73.399,-13.184],[-73.484,-13.122],[-73.926,-12.457],[-74.573,-11.484],[-75.058,-10.715],[-75.467,-10.266],[-75.577,-10.146],[-76.13,-9.074],[-76.765,-7.857],[-77.135,-6.243],[-77.849,-5.687],[-78.207,-5.356],[-78.22,-5.343],[-78.239,-5.299],[-78.502,-4.698],[-78.561,-4.564],[-78.59,-4.497],[-78.59,-4.372],[-78.59,-3.703],[-78.542,-3.576],[-78.299,-2.936],[-78.285,-2.83],[-78.154,-1.864],[-77.611,-1.295],[-77.823,-2.539],[-77.611,-3.465],[-77.43,-4.146],[-77.152,-5.19],[-76.738,-5.396],[-76.568,-5.58],[-75.759,-6.455],[-75.653,-7.407],[-75.639,-7.491]]]}},{"type":"Feature","properties":{"n":"Cordillère Blanche","r":3,"g":"South America"},"geometry":{"type":"Polygon","coordinates":[[[-76.765,-7.857],[-76.156,-8.889],[-75.467,-10.266],[-75.442,-10.318],[-75.058,-10.715],[-73.78,-12.617],[-73.399,-13.184],[-73.299,-13.334],[-73.099,-13.404],[-72.312,-13.682],[-71.499,-13.969],[-71.579,-15.45],[-74.516,-13.519],[-75.865,-12.17],[-76.976,-10.556],[-77.426,-9.841],[-77.518,-9.678],[-78.018,-8.789],[-78.14,-8.571],[-78.59,-8.651],[-79.754,-6.481],[-80.045,-4.523],[-79.622,-4.073],[-79.283,-3.802],[-78.828,-3.438],[-78.718,-3.398],[-78.708,-3.395],[-78.537,-3.332],[-78.542,-3.576],[-78.559,-4.487],[-78.561,-4.564],[-78.564,-4.735],[-78.429,-4.97],[-78.239,-5.299],[-78.207,-5.356],[-78.107,-5.528],[-76.765,-7.857]]]}},{"type":"Feature","properties":{"n":"cordillère Occidentale","r":3,"g":"South America"},"geometry":{"type":"Polygon","coordinates":[[[-79.133,-2.235],[-79.26,-1.8],[-79.358,-1.467],[-79.172,-0.396],[-78.683,0.795],[-78.142,1.62],[-77.523,3.154],[-77.52,3.16],[-77.472,3.234],[-77.417,3.342],[-77.357,3.349],[-77.324,3.475],[-77.243,3.585],[-77.077,3.913],[-77.127,3.906],[-77.167,3.862],[-77.212,3.867],[-77.251,3.887],[-76.686,5.571],[-76.646,5.689],[-76.685,8.547],[-76.359,8.71],[-76.209,8.785],[-75.946,8.127],[-75.944,8.124],[-75.943,8.123],[-75.518,7.681],[-75.505,7.667],[-75.548,7.251],[-75.759,7.079],[-75.766,7.023],[-75.812,6.656],[-75.839,6.012],[-75.842,5.954],[-75.757,5.886],[-75.614,5.769],[-75.61,5.66],[-75.607,5.577],[-75.6,5.372],[-75.675,5.24],[-75.8,5.017],[-75.905,4.83],[-76.156,4.327],[-76.445,3.4],[-76.54,3.097],[-76.705,2.88],[-76.751,2.502],[-77.109,2.039],[-77.505,1.126],[-77.731,0.736],[-77.889,0.464],[-78.418,-0.184],[-78.427,-0.218],[-78.543,-0.66],[-78.63,-0.991],[-78.868,-1.93],[-79.133,-2.235]]]}},{"type":"Feature","properties":{"n":"Cordillère Blanche","r":3,"g":"South America"},"geometry":{"type":"Polygon","coordinates":[[[-78.718,-3.398],[-79.24,-3.92],[-79.283,-3.802],[-79.516,-3.147],[-79.471,-2.859],[-78.868,-1.93],[-78.543,-0.66],[-78.432,-0.224],[-78.427,-0.218],[-77.836,0.517],[-77.731,0.736],[-77.109,2.039],[-76.751,2.502],[-76.705,2.88],[-76.452,3.188],[-76.445,3.4],[-76.441,3.539],[-76.254,4.132],[-75.925,4.868],[-75.8,5.017],[-75.694,5.143],[-75.675,5.24],[-75.607,5.577],[-75.595,5.637],[-75.61,5.66],[-75.757,5.886],[-75.839,6.012],[-75.881,6.076],[-75.826,6.977],[-75.766,7.023],[-75.387,7.317],[-75.255,7.757],[-74.75,7.998],[-74.533,8.344],[-74.31,8.767],[-73.934,8.909],[-74.039,7.78],[-74.894,5.351],[-74.914,4.682],[-75.299,3.814],[-76.024,2.386],[-76.395,1.953],[-76.419,1.925],[-77.024,0.972],[-77.072,0.897],[-77.081,0.872],[-77.307,0.253],[-77.532,-0.621],[-78.154,-1.864],[-78.269,-2.809],[-78.285,-2.83],[-78.66,-3.34],[-78.707,-3.387],[-78.718,-3.398]]]}},{"type":"Feature","properties":{"n":"Cordillera Oriental","r":3,"g":"South America"},"geometry":{"type":"Polygon","coordinates":[[[-68.201,10.443],[-67.931,10.476],[-67.927,10.476],[-67.872,10.472],[-67.683,10.506],[-67.536,10.523],[-67.319,10.549],[-66.59,10.622],[-66.247,10.632],[-66.184,10.607],[-66.101,10.553],[-66.092,10.517],[-66.09,10.473],[-65.852,10.258],[-65.656,10.228],[-65.489,10.159],[-65.317,10.122],[-65.129,10.07],[-65.023,10.077],[-64.944,10.095],[-64.85,10.098],[-64.827,10.111],[-64.799,10.108],[-64.797,10.108],[-64.795,10.109],[-64.197,10.408],[-64.206,10.448],[-64.188,10.458],[-63.834,10.449],[-63.779,10.472],[-63.732,10.503],[-63.863,10.558],[-64.158,10.579],[-64.228,10.551],[-64.228,10.555],[-64.245,10.634],[-64.202,10.633],[-63.873,10.664],[-63.497,10.643],[-63.19,10.709],[-63.035,10.72],[-62.947,10.707],[-62.742,10.743],[-62.733,10.743],[-62.509,10.725],[-62.377,10.714],[-62.242,10.7],[-62.223,10.702],[-61.943,10.679],[-61.933,10.678],[-62.04,10.645],[-62.233,10.634],[-62.372,10.552],[-62.389,10.547],[-62.694,10.563],[-62.914,10.531],[-62.843,10.507],[-62.843,10.418],[-62.821,10.405],[-62.821,10.091],[-63.389,9.924],[-63.844,9.791],[-64.244,9.842],[-65.361,9.985],[-66.603,9.764],[-67.621,9.584],[-67.795,9.553],[-68.783,9.77],[-69.002,9.818],[-69.118,9.844],[-69.841,9.032],[-70.759,8.292],[-70.79,8.263],[-70.83,8.227],[-70.958,8.109],[-71.358,7.745],[-71.384,7.726],[-71.494,7.645],[-71.958,7.304],[-71.749,6.305],[-71.746,6.291],[-71.729,6.21],[-71.83,6.071],[-72.443,5.23],[-72.487,5.169],[-72.6,5.056],[-73.483,4.174],[-73.546,4.111],[-73.828,3.652],[-73.74,2.717],[-73.71,2.394],[-73.704,2.33],[-73.862,2.262],[-73.904,2.244],[-73.951,2.224],[-73.962,2.274],[-73.999,2.452],[-74.128,3.07],[-74.463,2.488],[-74.464,2.487],[-74.931,1.993],[-75.345,1.553],[-75.944,1.306],[-76.21,1.174],[-76.826,0.866],[-76.968,0.942],[-77.024,0.972],[-77.241,1.09],[-76.491,1.924],[-76.395,1.953],[-75.786,2.136],[-75.398,2.594],[-75.062,3.406],[-74.78,4.252],[-74.586,5.346],[-74.251,6.069],[-73.43,6.911],[-73.109,7.586],[-73.669,9.05],[-73.193,10.108],[-73.378,10.241],[-73.801,10.003],[-73.95,10.26],[-74.092,10.505],[-74.211,11.171],[-74.202,11.247],[-74.092,11.253],[-73.871,11.265],[-73.726,11.273],[-73.677,11.271],[-73.316,11.296],[-72.769,11.325],[-72.659,11.294],[-72.214,11.167],[-72.029,11.114],[-72.051,11.07],[-72.796,9.659],[-72.902,8.865],[-72.502,8.074],[-71.552,8.838],[-70.784,9.436],[-70.759,9.456],[-70.76,9.459],[-70.917,9.914],[-71.129,10.355],[-70.512,11.043],[-69.93,11.354],[-69.753,11.449],[-69.364,11.46],[-69.153,11.466],[-68.928,11.379],[-68.607,11.255],[-68.397,10.779],[-68.352,10.677],[-68.342,10.655],[-68.33,10.638],[-68.271,10.549],[-68.259,10.531],[-68.201,10.443]]]}},{"type":"Feature","properties":{"n":"Alpes du Sud","r":3,"g":"Oceania"},"geometry":{"type":"MultiPolygon","coordinates":[[[[167.039,-46.023],[166.955,-46.017],[166.882,-45.99],[166.881,-45.988],[166.917,-45.957],[166.868,-45.976],[166.864,-45.972],[166.821,-45.93],[166.815,-45.914],[166.769,-45.789],[166.767,-45.782],[166.836,-45.775],[166.953,-45.75],[167.003,-45.712],[166.81,-45.699],[166.798,-45.646],[166.826,-45.603],[166.991,-45.532],[166.869,-45.55],[166.766,-45.545],[166.771,-45.504],[166.819,-45.409],[166.92,-45.408],[166.876,-45.368],[166.869,-45.311],[166.909,-45.307],[167.052,-45.383],[167.156,-45.411],[167.112,-45.354],[167.118,-45.318],[167.145,-45.302],[167.23,-45.29],[167.207,-45.28],[167.127,-45.266],[167.033,-45.222],[167.023,-45.177],[167.026,-45.124],[167.128,-45.051],[167.188,-45.094],[167.259,-45.082],[167.205,-45.048],[167.172,-44.997],[167.19,-44.97],[167.199,-44.963],[167.213,-44.952],[167.411,-44.828],[167.466,-44.958],[167.479,-44.915],[167.482,-44.874],[167.456,-44.838],[167.46,-44.802],[167.485,-44.771],[167.578,-44.741],[167.698,-44.641],[167.787,-44.595],[167.859,-44.625],[167.909,-44.665],[167.902,-44.625],[167.866,-44.592],[167.857,-44.501],[168.018,-44.359],[168.196,-44.224],[168.367,-44.082],[168.435,-44.043],[168.48,-44.034],[168.703,-44.004],[168.746,-43.998],[168.76,-43.993],[168.775,-43.996],[168.806,-43.992],[168.99,-43.89],[169.067,-43.863],[169.136,-43.9],[169.179,-43.913],[169.136,-43.82],[169.148,-43.804],[169.338,-43.741],[169.481,-43.678],[169.491,-43.674],[169.516,-43.663],[169.632,-43.619],[169.689,-43.589],[169.711,-43.574],[169.747,-43.549],[169.769,-43.538],[169.834,-43.537],[169.824,-43.497],[169.86,-43.473],[169.877,-43.461],[169.891,-43.462],[169.908,-43.447],[169.902,-43.444],[170.087,-43.319],[170.113,-43.301],[170.18,-43.255],[170.222,-43.232],[170.263,-43.209],[170.357,-43.155],[170.396,-43.182],[170.378,-43.143],[170.38,-43.142],[170.468,-43.091],[170.534,-43.059],[170.536,-43.058],[170.612,-43.092],[170.551,-43.051],[170.554,-43.049],[170.688,-42.984],[170.735,-43.03],[170.725,-42.975],[170.728,-42.966],[170.917,-42.902],[170.995,-42.87],[171.011,-42.864],[171.014,-42.863],[171.012,-42.885],[171.038,-42.862],[171.04,-42.852],[171.053,-42.847],[171.064,-42.842],[171.327,-42.737],[172.095,-42.332],[172.18,-42.266],[172.363,-42.07],[172.556,-41.887],[172.795,-41.627],[172.929,-41.512],[173.004,-41.465],[173.104,-41.422],[173.205,-41.406],[173.283,-41.442],[173.301,-41.49],[173.295,-41.547],[173.277,-41.605],[173.256,-41.65],[173.155,-41.815],[172.694,-42.397],[172.563,-42.52],[171.774,-43.089],[171.408,-43.312],[171.031,-43.513],[170.875,-43.608],[170.581,-43.82],[170.337,-43.973],[170.167,-44.092],[169.839,-44.293],[169.789,-44.312],[169.6,-44.375],[169.438,-44.441],[169.108,-44.608],[168.875,-44.755],[168.654,-44.92],[167.426,-45.971],[167.365,-46.007],[167.287,-46.023],[167.039,-46.023]]],[[[166.975,-45.18],[166.979,-45.18],[167.023,-45.3],[166.931,-45.277],[166.91,-45.257],[166.975,-45.18]]]]}},{"type":"Feature","properties":{"n":"Anti-Atlas","r":4,"g":"Africa"},"geometry":{"type":"Polygon","coordinates":[[[-9.578,28.567],[-10.434,28.4],[-10.61,28.409],[-10.83,28.594],[-10.601,28.964],[-10.589,28.974],[-10.543,29.012],[-9.878,29.555],[-9.199,30.146],[-8.582,30.525],[-8.255,30.719],[-7.682,30.931],[-7.25,31.09],[-6.527,31.196],[-5.945,31.319],[-5.557,31.443],[-5.16,31.601],[-4.613,31.698],[-4.313,31.531],[-4.542,31.301],[-4.913,30.86],[-5.213,30.428],[-5.415,30.164],[-6.156,30.014],[-6.624,30.014],[-6.95,29.917],[-7.585,29.767],[-8.114,29.511],[-8.273,29.167],[-8.634,29.035],[-9.155,28.797],[-9.578,28.567]]]}},{"type":"Feature","properties":{"n":"Escarpement Muchinga","r":4,"g":"Africa"},"geometry":{"type":"Polygon","coordinates":[[[27.464,-17.205],[26.996,-17.735],[26.652,-17.717],[26.934,-17.117],[27.711,-16.121],[28.055,-15.627],[28.54,-15.274],[28.495,-15.027],[28.617,-14.868],[28.945,-14.436],[29.598,-14.092],[30.039,-13.836],[30.506,-13.228],[30.93,-12.725],[31.071,-12.487],[31.256,-12.117],[31.635,-11.755],[32.014,-11.385],[32.402,-10.909],[32.537,-10.909],[32.623,-10.909],[32.702,-11.076],[32.235,-11.94],[31.741,-12.787],[31.159,-13.704],[30.762,-14.172],[30.418,-14.657],[30.268,-15.168],[29.66,-15.565],[28.936,-15.847],[28.769,-16.121],[28.522,-16.385],[27.94,-16.526],[27.464,-17.205]]]}},{"type":"Feature","properties":{"n":"Serra do Mar","r":4,"g":"South America"},"geometry":{"type":"MultiPolygon","coordinates":[[[[-50.007,-29.761],[-50.033,-29.801],[-50.073,-29.894],[-50.28,-29.764],[-50.239,-28.964],[-50.227,-28.732],[-50.194,-28.678],[-49.975,-28.308],[-49.81,-28.031],[-49.615,-27.704],[-49.637,-27.685],[-50.2,-27.198],[-50.015,-26.589],[-49.911,-26.54],[-49.565,-26.378],[-49.222,-25.452],[-49.779,-25.127],[-49.789,-25.121],[-49.77,-25.109],[-49.119,-24.699],[-48.776,-24.64],[-48.25,-24.55],[-47.934,-24.64],[-47.728,-24.699],[-47.888,-24.998],[-47.914,-25],[-47.989,-25.036],[-47.959,-25.065],[-47.925,-25.067],[-47.927,-25.072],[-48.187,-25.311],[-48.186,-25.31],[-48.273,-25.306],[-48.402,-25.272],[-48.458,-25.311],[-48.428,-25.403],[-48.476,-25.443],[-48.564,-25.447],[-48.644,-25.437],[-48.732,-25.369],[-48.692,-25.492],[-48.507,-25.521],[-48.43,-25.55],[-48.401,-25.597],[-48.545,-25.816],[-48.666,-25.844],[-48.679,-25.875],[-48.613,-25.875],[-48.576,-25.935],[-48.619,-26.179],[-48.679,-26.226],[-48.714,-26.227],[-48.748,-26.269],[-48.701,-26.348],[-48.652,-26.406],[-48.658,-26.519],[-48.677,-26.612],[-48.678,-26.703],[-48.616,-26.878],[-48.593,-27.058],[-48.568,-27.123],[-48.554,-27.196],[-48.596,-27.264],[-48.572,-27.373],[-48.643,-27.558],[-48.612,-27.782],[-48.655,-28.221],[-48.693,-28.31],[-48.797,-28.443],[-48.798,-28.459],[-49.592,-28.838],[-50.007,-29.761]]],[[[-48.597,-26.313],[-48.592,-26.406],[-48.603,-26.414],[-48.666,-26.29],[-48.557,-26.187],[-48.597,-26.313]]]]}},{"type":"Feature","properties":{"n":"Serra Geral","r":4,"g":"South America"},"geometry":{"type":"Polygon","coordinates":[[[-50.196,-23.174],[-49.713,-24.054],[-49.169,-24.155],[-49.38,-24.34],[-49.77,-25.109],[-49.779,-25.127],[-49.814,-25.196],[-49.354,-25.399],[-49.565,-26.378],[-49.909,-26.536],[-49.911,-26.54],[-50.2,-27.198],[-49.618,-27.648],[-49.637,-27.685],[-49.81,-28.031],[-49.909,-28.23],[-49.975,-28.308],[-50.174,-28.547],[-50.194,-28.678],[-50.239,-28.964],[-50.359,-29.738],[-51.283,-29.54],[-51.887,-29.506],[-52.433,-29.709],[-52.629,-29.782],[-53.527,-29.817],[-53.942,-29.524],[-54.113,-29.403],[-53.009,-28.523],[-53.544,-27.97],[-53.665,-27.487],[-52.992,-27.021],[-53.043,-26.262],[-53.544,-25.814],[-53.923,-24.657],[-53.458,-23.743],[-52.888,-23.174],[-52.336,-23.191],[-51.974,-23.191],[-51.301,-23.605],[-50.196,-23.174]]]}},{"type":"Feature","properties":{"n":"Serra da Mantiqueira","r":4,"g":"South America"},"geometry":{"type":"Polygon","coordinates":[[[-49.345,-24.64],[-49.31,-24.323],[-47.405,-23.511],[-46.452,-22.594],[-45.182,-21.783],[-44.23,-21.465],[-43.295,-21.06],[-41.345,-21.36],[-41.232,-21.377],[-41.231,-21.377],[-41.496,-21.906],[-41.61,-21.983],[-42.043,-22.277],[-42.572,-22.559],[-43.018,-22.606],[-43.242,-22.629],[-43.806,-22.841],[-44.204,-23.009],[-44.368,-23.005],[-44.637,-23.055],[-44.681,-23.107],[-44.674,-23.207],[-44.672,-23.207],[-44.724,-23.229],[-45.429,-23.582],[-46.593,-23.899],[-47.581,-24.64],[-47.934,-24.64],[-48.776,-24.64],[-49.345,-24.64]]]}},{"type":"Feature","properties":{"n":"plateau des Guyanes","r":4,"g":"South America"},"geometry":{"type":"Polygon","coordinates":[[[-62.927,6.969],[-61.692,6.792],[-60.74,7.074],[-60.034,7.11],[-59.646,6.581],[-59.187,6.298],[-58.835,6.228],[-58.517,5.734],[-58.482,5.028],[-58.376,4.746],[-58.482,4.323],[-58.694,4.146],[-59.608,3.808],[-59.646,3.794],[-60.457,3.97],[-61.128,3.794],[-62.045,3.229],[-63.491,3.511],[-64.02,3.123],[-64.127,3.055],[-64.62,2.735],[-65.39,3.115],[-66.372,3.209],[-66.896,3.882],[-67.609,4.218],[-67.797,5.173],[-67.512,5.769],[-67.374,6.154],[-67.031,7.11],[-66.452,7.567],[-66.124,7.697],[-65.748,7.846],[-65.739,7.85],[-65.726,7.846],[-64.303,7.427],[-63.703,7.039],[-62.927,6.969]]]}},{"type":"Feature","properties":{"n":"Sierra Madre de Chiapas","r":4,"g":"North America"},"geometry":{"type":"Polygon","coordinates":[[[-92.247,17.751],[-91.852,17.643],[-91.612,17.481],[-91.48,17.395],[-91.352,17.244],[-91.252,17.11],[-91.119,16.977],[-90.919,16.83],[-90.936,16.611],[-91.019,16.244],[-91.002,15.795],[-91.26,15.286],[-91.522,15.158],[-91.951,14.962],[-92.119,15.146],[-92.501,15.195],[-92.868,15.528],[-93.317,15.845],[-93.767,16.161],[-94.333,16.461],[-94.529,16.584],[-94.757,16.788],[-94.458,17.257],[-94.252,17.518],[-93.909,17.671],[-93.218,17.66],[-92.718,17.65],[-92.247,17.751]]]}},{"type":"Feature","properties":{"n":"Montagnes de Selwyn","r":4,"g":"North America"},"geometry":{"type":"Polygon","coordinates":[[[-129.903,63.359],[-129.67,63.163],[-129.618,63.053],[-129.484,62.946],[-129.227,62.838],[-128.938,62.771],[-128.659,62.659],[-128.378,62.55],[-128.207,62.502],[-127.908,62.569],[-127.806,62.557],[-127.471,62.354],[-127.303,62.2],[-127.116,62.12],[-126.846,62.051],[-126.454,62.048],[-126.073,61.932],[-125.64,61.79],[-125.201,61.673],[-124.812,61.549],[-124.514,61.457],[-124.179,61.49],[-123.697,61.411],[-123.447,61.183],[-123.426,61.051],[-123.426,61.049],[-123.427,61.047],[-123.558,60.827],[-123.528,60.749],[-123.46,60.577],[-123.528,60.511],[-123.684,60.36],[-123.723,60.179],[-123.728,60.158],[-123.964,59.856],[-123.988,59.839],[-124.133,59.742],[-124.304,59.842],[-124.529,59.908],[-124.692,59.793],[-124.809,59.646],[-125.008,59.507],[-125.387,59.458],[-125.621,59.552],[-125.881,59.615],[-126.18,59.603],[-126.528,59.756],[-126.825,59.802],[-127.066,59.787],[-127.516,59.92],[-127.448,60.024],[-127.714,60.158],[-128.005,60.049],[-128.28,60.021],[-128.565,60.139],[-128.951,60.295],[-129.163,60.43],[-129.165,60.432],[-129.163,60.632],[-129.161,60.785],[-129.231,61.009],[-129.231,61.049],[-129.231,61.208],[-129.21,61.293],[-129.179,61.42],[-129.478,61.72],[-129.761,61.984],[-130.131,62.196],[-130.502,62.214],[-130.903,62.203],[-131.143,62.068],[-131.235,61.927],[-131.667,61.936],[-132.075,62.039],[-132.398,62.205],[-132.653,62.461],[-132.706,62.69],[-132.618,62.866],[-132.452,63.052],[-132.742,63.131],[-133.077,63.272],[-133.482,63.272],[-133.616,63.241],[-133.782,63.201],[-134.047,63.237],[-134.206,63.342],[-134.206,63.501],[-134.139,63.572],[-133.972,63.752],[-133.807,63.809],[-133.482,64.101],[-133.236,64.188],[-132.601,64.217],[-132.353,64.225],[-131.89,64.263],[-131.798,64.534],[-131.417,64.592],[-131.147,64.587],[-130.919,64.359],[-130.776,64.211],[-130.58,64.084],[-130.348,63.994],[-130.152,63.856],[-129.887,63.724],[-129.924,63.528],[-130.083,63.428],[-129.903,63.359]]]}},{"type":"Feature","properties":{"n":"Chaîne Columbia","r":4,"g":"North America"},"geometry":{"type":"Polygon","coordinates":[[[-115.288,48.473],[-115.394,48.235],[-115.692,47.943],[-115.964,48.088],[-115.984,48.099],[-116.122,48.126],[-116.263,48.155],[-116.306,48.181],[-116.507,48.304],[-116.508,48.305],[-116.513,48.308],[-116.518,48.286],[-116.571,48.045],[-116.699,47.917],[-116.849,47.803],[-116.911,47.794],[-117.105,47.767],[-117.325,47.811],[-118.093,47.917],[-118.572,47.926],[-118.968,48.006],[-119.162,48.134],[-119.504,48.071],[-119.703,48.076],[-119.779,48.08],[-119.798,48.081],[-119.715,48.337],[-119.68,48.446],[-119.601,48.737],[-119.654,49.214],[-119.698,49.633],[-119.707,49.716],[-119.689,49.736],[-119.442,50.008],[-119.378,50.347],[-119.363,50.431],[-119.257,50.907],[-119.29,50.976],[-119.574,51.569],[-120.024,52.045],[-120.474,52.098],[-121.135,52.468],[-121.664,52.918],[-121.876,53.447],[-122.405,54.029],[-122.994,54.499],[-123.728,55.035],[-123.873,55.564],[-123.674,55.752],[-123.581,55.84],[-123.197,55.486],[-123.181,55.474],[-122.602,55.059],[-122.517,54.998],[-121.797,54.4],[-121.268,54.082],[-120.606,53.808],[-119.687,53.075],[-119.254,52.868],[-118.833,52.496],[-118.515,52.222],[-118.133,51.989],[-117.747,51.84],[-117.366,51.52],[-116.924,51.249],[-116.388,50.914],[-116.061,50.572],[-115.86,50.277],[-115.764,49.928],[-115.579,49.664],[-115.182,49.267],[-115.235,48.817],[-115.288,48.473]]]}},{"type":"Feature","properties":{"n":"Monts Torngat","r":4,"g":"North America"},"geometry":{"type":"MultiPolygon","coordinates":[[[[-63.773,59.498],[-63.85,59.448],[-63.971,59.409],[-63.945,59.38],[-63.781,59.349],[-63.759,59.319],[-63.776,59.277],[-63.752,59.277],[-63.637,59.341],[-63.54,59.333],[-63.415,59.194],[-63.506,59.115],[-63.646,59.079],[-63.756,59.063],[-63.91,59.066],[-63.971,59.054],[-63.941,59.027],[-63.794,59.027],[-63.568,59.047],[-63.399,59.08],[-63.326,59.082],[-63.293,59.076],[-63.291,59.075],[-63.275,59.042],[-63.304,59.034],[-63.31,59.026],[-63.279,59.003],[-63.216,58.928],[-63.222,58.911],[-63.282,58.867],[-63.185,58.858],[-63.054,58.878],[-63.033,58.869],[-63.008,58.855],[-62.926,58.765],[-62.916,58.746],[-62.929,58.646],[-62.93,58.642],[-63.102,58.546],[-63.181,58.528],[-63.449,58.506],[-63.524,58.479],[-63.836,58.507],[-63.857,58.544],[-64.032,58.522],[-64.09,58.623],[-64.211,58.804],[-64.302,58.882],[-64.496,58.89],[-64.757,58.93],[-64.815,59.041],[-64.704,59.067],[-64.473,59.159],[-64.524,59.385],[-64.524,59.496],[-64.757,59.475],[-64.81,59.639],[-64.778,59.964],[-64.736,59.999],[-64.733,59.998],[-64.559,60.043],[-64.408,60.065],[-64.288,60.064],[-64.278,60.049],[-64.215,60.002],[-64.183,59.973],[-64.169,59.847],[-64.226,59.741],[-64.151,59.794],[-64.058,59.822],[-64.048,59.815],[-63.979,59.754],[-63.969,59.698],[-63.929,59.645],[-63.841,59.574],[-63.825,59.563],[-63.773,59.498]]],[[[-64.72,60.179],[-64.864,60.298],[-64.864,60.299],[-64.845,60.308],[-64.817,60.331],[-64.706,60.336],[-64.499,60.268],[-64.436,60.228],[-64.42,60.171],[-64.528,60.095],[-64.713,60.037],[-64.733,60.028],[-64.72,60.179]]],[[[-64.807,60.488],[-64.66,60.486],[-64.54,60.427],[-64.455,60.316],[-64.444,60.298],[-64.558,60.323],[-64.738,60.376],[-64.809,60.41],[-64.823,60.433],[-64.807,60.488]]]]}},{"type":"Feature","properties":{"n":"chaîne Centrale","r":4,"g":"Oceania"},"geometry":{"type":"Polygon","coordinates":[[[142.668,-4.446],[142.75,-4.466],[143.302,-4.548],[143.27,-4.533],[144.291,-4.844],[144.476,-4.943],[144.639,-5.083],[144.793,-5.237],[144.951,-5.379],[145.026,-5.429],[145.179,-5.52],[145.253,-5.573],[145.368,-5.69],[145.407,-5.722],[145.553,-5.816],[145.999,-6.064],[146.243,-6.266],[146.439,-6.513],[146.856,-7.227],[146.908,-7.305],[146.966,-7.375],[147.035,-7.441],[147.182,-7.564],[147.249,-7.631],[147.308,-7.709],[147.412,-7.875],[147.469,-7.951],[147.515,-8],[147.532,-8.023],[147.553,-8.059],[147.568,-8.095],[147.592,-8.17],[147.606,-8.206],[147.65,-8.283],[147.706,-8.381],[147.826,-8.548],[147.959,-8.705],[148.26,-9.002],[148.299,-9.04],[148.389,-9.129],[148.547,-9.258],[148.718,-9.37],[148.834,-9.415],[148.893,-9.431],[148.955,-9.447],[149.063,-9.497],[149.137,-9.589],[149.141,-9.594],[149.165,-9.723],[149.12,-9.815],[149.025,-9.867],[148.898,-9.877],[148.699,-9.854],[148.511,-9.815],[148.328,-9.749],[148.146,-9.645],[148.115,-9.619],[148.093,-9.595],[148.067,-9.574],[148.025,-9.558],[147.983,-9.554],[147.927,-9.558],[147.896,-9.561],[147.853,-9.552],[147.836,-9.541],[147.806,-9.505],[147.791,-9.49],[147.677,-9.409],[147.619,-9.369],[147.54,-9.301],[147.47,-9.225],[147.236,-8.904],[147.127,-8.755],[146.979,-8.553],[146.866,-8.421],[146.8,-8.342],[146.418,-7.948],[146.285,-7.848],[145.233,-7.222],[144.983,-7.053],[144.855,-6.983],[144.606,-6.893],[143.82,-6.683],[143.698,-6.633],[143.359,-6.435],[143.235,-6.377],[142.978,-6.275],[141.155,-5.384],[140.5,-4.984],[140.477,-4.969],[140.36,-4.922],[140.233,-4.897],[140.104,-4.878],[139.98,-4.85],[139.677,-4.734],[139.571,-4.712],[139.439,-4.698],[139.309,-4.677],[138.926,-4.58],[138.601,-4.498],[138.456,-4.47],[138.31,-4.461],[138.189,-4.461],[138.014,-4.462],[137.822,-4.451],[136.433,-4.28],[135.775,-4.199],[135.591,-4.16],[135.491,-4.088],[135.46,-4.066],[135.444,-3.883],[135.474,-3.814],[135.519,-3.766],[135.631,-3.685],[136.277,-3.087],[136.397,-3],[136.487,-2.956],[136.526,-2.937],[136.644,-2.926],[136.753,-2.968],[136.955,-3.092],[136.98,-3.103],[137.064,-3.139],[137.163,-3.161],[137.264,-3.171],[137.884,-3.173],[138.816,-3.244],[138.873,-3.245],[139.012,-3.254],[139.127,-3.288],[139.828,-3.647],[140.047,-3.739],[140.516,-3.858],[140.538,-3.865],[141.142,-4.075],[141.921,-4.271],[142.311,-4.339],[142.507,-4.392],[142.668,-4.446]]]}},{"type":"Feature","properties":{"n":"Monts Khangaï","r":4,"g":"Asia"},"geometry":{"type":"Polygon","coordinates":[[[103.47,45.9],[103.043,45.688],[102.584,45.584],[101.985,45.659],[101.349,45.738],[101.029,45.705],[100.721,45.739],[99.364,46.139],[99.086,46.286],[98.955,46.32],[98.553,46.506],[96.66,46.864],[96.56,46.911],[96.474,46.969],[96.432,47.011],[96.406,47.052],[96.362,47.22],[96.341,47.264],[96.305,47.309],[96.253,47.352],[95.936,47.499],[95.883,47.54],[95.84,47.595],[95.812,47.671],[95.794,47.864],[95.804,47.947],[95.843,48.054],[95.908,48.149],[95.993,48.234],[96.201,48.373],[97.114,48.751],[97.55,48.791],[98.86,48.707],[100.454,48.211],[100.76,48.053],[101.792,47.749],[102.608,47.509],[103.48,46.994],[103.607,46.879],[103.709,46.75],[103.776,46.604],[103.8,46.476],[103.798,46.358],[103.77,46.249],[103.72,46.148],[103.652,46.057],[103.47,45.9]]]}},{"type":"Feature","properties":{"n":"Monts Hamgyong","r":4,"g":"Asia"},"geometry":{"type":"Polygon","coordinates":[[[129.683,41.589],[129.684,41.547],[129.682,41.494],[129.733,41.426],[129.752,41.384],[129.759,41.34],[129.756,41.285],[129.742,41.248],[129.649,41.105],[129.628,41.059],[129.627,41.018],[129.653,40.988],[129.715,40.97],[129.708,40.931],[129.687,40.894],[129.657,40.86],[129.603,40.82],[129.341,40.726],[129.245,40.661],[129.213,40.621],[128.947,40.428],[128.945,40.428],[128.843,40.358],[128.701,40.318],[128.611,40.198],[128.511,40.13],[128.393,40.089],[128.304,40.036],[128.106,40.033],[127.967,39.996],[127.867,39.896],[127.568,39.782],[127.527,39.696],[127.547,39.563],[127.549,39.485],[127.507,39.464],[127.18,39.578],[127.123,39.611],[127.08,39.653],[127.057,39.708],[127.052,39.754],[127.056,39.79],[127.082,39.87],[127.081,39.898],[127.068,39.931],[127.016,40.002],[126.607,40.398],[126.559,40.473],[126.532,40.56],[126.521,40.984],[126.52,41.038],[126.527,41.065],[126.535,41.082],[126.544,41.094],[126.602,41.134],[126.62,41.154],[126.668,41.188],[126.675,41.195],[126.683,41.207],[126.686,41.221],[126.683,41.276],[126.685,41.289],[126.691,41.3],[126.719,41.328],[126.752,41.35],[127.067,41.435],[127.129,41.471],[127.272,41.606],[127.3,41.619],[127.329,41.622],[127.462,41.603],[127.761,41.661],[127.808,41.683],[127.85,41.712],[127.888,41.751],[127.936,41.824],[128.105,42.24],[128.154,42.31],[128.218,42.367],[128.924,42.678],[130.032,42.885],[130.099,42.877],[130.161,42.857],[130.215,42.823],[130.281,42.747],[130.439,42.658],[130.465,42.637],[130.558,42.476],[130.568,42.443],[130.57,42.411],[130.563,42.38],[130.543,42.348],[130.513,42.321],[130.469,42.301],[130.458,42.302],[130.418,42.277],[130.249,42.201],[130.096,42.059],[130.068,42.046],[130.007,41.991],[129.95,41.923],[129.846,41.826],[129.774,41.726],[129.756,41.712],[129.717,41.647],[129.689,41.607],[129.683,41.589]]]}},{"type":"Feature","properties":{"n":"chaîne Centrale","r":4,"g":"Asia"},"geometry":{"type":"Polygon","coordinates":[[[157.228,53.359],[157.078,53.358],[156.955,53.509],[156.899,53.742],[156.891,54.017],[156.926,54.29],[156.999,54.517],[157.385,55.244],[157.499,55.493],[157.549,55.653],[157.576,55.704],[157.617,55.756],[158.115,56.278],[160.273,58.183],[161.37,59.45],[161.481,59.599],[161.605,59.734],[161.761,59.824],[161.805,59.836],[161.903,59.854],[162.318,59.968],[162.499,60.04],[162.662,60.131],[163.157,60.467],[163.419,60.61],[163.697,60.715],[163.833,60.721],[163.938,60.668],[163.995,60.566],[163.988,60.429],[163.92,60.308],[163.816,60.214],[163.698,60.13],[163.592,60.041],[163.262,59.72],[163.087,59.578],[162.895,59.448],[162.794,59.393],[162.765,59.374],[162.737,59.347],[162.697,59.293],[162.672,59.267],[162.348,59.002],[162.245,58.906],[161.912,58.524],[161.275,57.885],[160.542,56.963],[160.37,56.781],[160.292,56.683],[160.182,56.527],[160.12,56.455],[160.047,56.391],[159.884,56.287],[159.784,56.209],[159.513,55.948],[159.434,55.883],[159.348,55.83],[159.161,55.741],[159.059,55.682],[158.97,55.607],[158.557,55.143],[158.047,54.378],[157.939,54.235],[157.828,54.116],[157.489,53.606],[157.375,53.459],[157.228,53.359]]]}},{"type":"Feature","properties":{"n":"Monts Koryak","r":4,"g":"Asia"},"geometry":{"type":"Polygon","coordinates":[[[166.148,60.616],[165.845,60.597],[165.552,60.64],[165.297,60.776],[165.198,60.888],[165.126,61.031],[165.098,61.186],[165.134,61.333],[165.214,61.42],[165.324,61.476],[165.559,61.547],[165.83,61.666],[166.167,61.779],[169.75,62.977],[170.518,63.147],[172.849,63.431],[173.681,63.467],[173.777,63.479],[174.058,63.55],[174.149,63.564],[174.542,63.583],[174.762,63.614],[175.187,63.64],[176.415,63.638],[176.799,63.597],[177.092,63.468],[177.108,63.196],[177.004,63.106],[176.845,63.058],[176.165,62.977],[174.936,62.756],[174.609,62.668],[174.183,62.592],[170.02,61.543],[169.334,61.425],[168.921,61.296],[166.433,60.665],[166.305,60.643],[166.148,60.616]]]}},{"type":"Feature","properties":{"n":"Monts de la Kolyma","r":4,"g":"Asia"},"geometry":{"type":"Polygon","coordinates":[[[155.198,60.751],[154.805,60.714],[154.707,60.73],[154.61,60.767],[154.528,60.827],[154.476,60.912],[154.467,61.025],[154.495,61.151],[154.553,61.269],[154.63,61.354],[154.673,61.381],[154.811,61.455],[154.909,61.524],[155.087,61.679],[155.191,61.741],[155.53,61.904],[155.824,62.095],[156.314,62.321],[156.64,62.443],[158.214,63.134],[158.443,63.257],[158.62,63.375],[158.655,63.394],[159.626,63.729],[160.547,63.991],[160.948,64.149],[161.11,64.201],[161.582,64.319],[161.699,64.368],[161.809,64.431],[161.988,64.547],[162.044,64.573],[162.102,64.595],[162.739,64.774],[162.922,64.838],[162.982,64.868],[163.084,64.934],[163.142,64.964],[163.243,65.001],[163.338,65.022],[163.435,65.032],[163.651,65.042],[163.868,65.066],[163.979,65.071],[164.114,65.063],[164.217,65.032],[164.306,64.971],[164.398,64.873],[164.467,64.769],[164.511,64.653],[164.521,64.53],[164.488,64.406],[164.413,64.305],[164.309,64.228],[164.194,64.168],[163.984,64.076],[163.879,64.039],[163.224,63.856],[162.96,63.737],[162.82,63.693],[162.402,63.585],[162.141,63.489],[161.095,63.204],[158.721,62.396],[157.341,61.834],[157.216,61.795],[156.961,61.732],[156.834,61.687],[156.755,61.645],[155.555,60.888],[155.198,60.751]]]}},{"type":"Feature","properties":{"n":"Monts Tcherski","r":4,"g":"Asia"},"geometry":{"type":"Polygon","coordinates":[[[146.728,64.083],[146.569,64.078],[146.519,64.082],[146.46,64.097],[146.415,64.121],[146.375,64.147],[146.334,64.166],[146.061,64.224],[145.968,64.256],[145.241,64.57],[145.069,64.66],[144.984,64.693],[144.861,64.715],[144.599,64.729],[144.473,64.743],[142.554,65.202],[142.171,65.335],[141.535,65.492],[141.472,65.517],[141.357,65.574],[141.301,65.593],[141.024,65.645],[139.618,66.057],[139.217,66.248],[138.205,66.851],[138.009,66.995],[137.829,67.153],[137.493,67.502],[137.452,67.556],[137.375,67.674],[137.328,67.729],[137.298,67.756],[137.201,67.834],[137.176,67.861],[137.031,68.099],[136.936,68.397],[136.968,68.667],[137.204,68.821],[137.317,68.833],[137.441,68.834],[137.68,68.82],[138.061,68.765],[138.312,68.698],[138.512,68.587],[139.68,67.694],[140.014,67.38],[140.19,67.253],[140.461,67.111],[142.527,66.338],[142.666,66.297],[142.904,66.249],[142.982,66.226],[143.285,66.16],[143.925,66.088],[144.239,66.002],[144.551,65.897],[145.581,65.67],[146.034,65.538],[146.5,65.315],[146.866,64.992],[147.02,64.56],[147.023,64.365],[146.999,64.22],[146.913,64.125],[146.728,64.083]]]}},{"type":"Feature","properties":{"n":"Monts Chin","r":4,"g":"Asia"},"geometry":{"type":"Polygon","coordinates":[[[93.563,21.491],[93.491,21.406],[93.517,21.446],[92.984,21.374],[92.948,21.38],[92.912,21.393],[92.709,21.541],[92.632,21.63],[92.607,21.68],[92.59,21.736],[92.578,22.063],[92.567,22.12],[92.419,22.381],[92.397,22.476],[92.4,22.562],[92.422,22.643],[92.563,22.961],[92.578,23.053],[92.567,23.176],[92.57,23.187],[92.577,23.196],[92.612,23.234],[92.618,23.245],[92.619,23.258],[92.607,23.308],[92.581,23.357],[92.335,23.624],[92.287,23.725],[92.29,23.798],[92.331,23.844],[92.4,23.867],[92.486,23.869],[92.579,23.852],[92.669,23.819],[93.31,23.263],[93.662,22.841],[93.746,22.687],[93.77,22.61],[93.775,22.513],[93.675,22.131],[93.639,21.682],[93.612,21.581],[93.563,21.491]]]}},{"type":"Feature","properties":{"n":"Monts Yin","r":4,"g":"Asia"},"geometry":{"type":"Polygon","coordinates":[[[111.557,41.682],[111.703,41.235],[111.707,41.223],[111.632,41.179],[111.434,41.061],[111.204,40.923],[110.816,40.835],[107.35,41.34],[107.183,41.364],[107.006,41.188],[106.548,41.047],[106.159,41.223],[105.701,41.541],[106.018,42.141],[106.564,42.326],[107.683,42.404],[111.098,41.964],[111.557,41.682]]]}},{"type":"Feature","properties":{"n":"Monts Saïan","r":4,"g":"Asia"},"geometry":{"type":"Polygon","coordinates":[[[95.779,51.631],[95.747,51.591],[95.706,51.56],[95.653,51.536],[95.488,51.501],[95.308,51.489],[94.645,51.627],[92.09,51.508],[91.409,51.344],[91.068,51.337],[91.003,51.354],[90.948,51.386],[90.904,51.43],[90.872,51.485],[90.852,51.548],[90.845,51.617],[90.853,51.689],[90.874,51.762],[90.939,51.863],[90.978,51.925],[90.991,51.958],[91,51.999],[90.969,52.423],[90.97,52.433],[90.985,52.574],[91.03,52.722],[91.058,52.77],[91.066,52.783],[91.111,52.829],[91.167,52.855],[91.199,52.937],[93.999,53.131],[95.182,53.214],[95.469,53.163],[95.595,53.111],[95.703,53.036],[95.829,52.895],[95.881,52.809],[95.899,52.766],[95.91,52.724],[95.901,52.504],[95.913,52.427],[95.941,52.365],[96.016,52.193],[96.026,52.153],[96.029,52.114],[96.023,52.071],[96.01,52.031],[95.779,51.631]]]}},{"type":"Feature","properties":{"n":"Chaîne d'Abakan","r":4,"g":"Asia"},"geometry":{"type":"Polygon","coordinates":[[[90.999,49.847],[90.962,49.159],[90.355,49.249],[90.203,49.412],[90.117,49.495],[90.105,49.511],[90.095,49.531],[89.923,49.624],[89.812,49.628],[89.697,49.662],[89.011,50.061],[88.72,50.159],[88.666,50.177],[88.61,50.209],[88.571,50.244],[88.544,50.283],[88.529,50.327],[88.521,50.527],[88.521,50.551],[88.536,50.661],[88.539,50.671],[88.596,50.855],[88.603,50.907],[88.602,50.961],[88.567,51.111],[88.396,51.53],[88.368,51.823],[88.549,53.074],[88.637,53.259],[88.763,53.416],[88.886,53.503],[89.029,53.557],[89.675,53.666],[89.826,53.72],[89.961,53.805],[90.177,54.077],[90.219,54.115],[90.267,54.143],[90.309,54.158],[90.408,54.17],[90.77,54.142],[90.864,54.108],[90.944,54.058],[91.011,53.993],[91.066,53.916],[91.18,53.629],[91.189,53.559],[91.183,53.494],[91.068,53.176],[91.058,52.77],[91.058,52.757],[90.97,52.433],[90.958,52.391],[90.939,51.863],[90.933,51.7],[90.899,51.623],[90.852,51.548],[90.544,51.051],[90.53,51.004],[90.527,50.956],[90.534,50.903],[90.564,50.823],[90.67,50.538],[90.678,50.515],[90.911,50.144],[90.973,49.987],[90.991,49.892],[90.999,49.847]]]}},{"type":"Feature","properties":{"n":"Mugur-Sargol","r":4,"g":"Asia"},"geometry":{"type":"Polygon","coordinates":[[[96.177,50.999],[96.494,50.717],[96.618,50.538],[96.65,50.457],[96.658,50.381],[96.642,50.31],[96.633,50.296],[96.601,50.244],[96.533,50.181],[96.357,50.084],[96.189,50.023],[96.014,49.997],[95.925,50.003],[95.837,50.024],[95.749,50.063],[95.661,50.129],[95.464,50.343],[95.437,50.374],[95.357,50.433],[94.907,50.612],[94.089,50.741],[92.523,50.684],[92.319,50.643],[91.945,50.486],[91.896,50.466],[91.873,50.444],[91.801,50.314],[91.603,50.12],[91.59,50.096],[91.466,50.078],[91.088,49.909],[90.991,49.892],[90.873,49.87],[90.772,49.873],[90.68,49.896],[90.642,49.915],[90.446,50.096],[90.408,50.118],[90.241,50.167],[90.211,50.182],[90.187,50.205],[90.17,50.241],[90.161,50.294],[90.169,50.388],[90.204,50.479],[90.261,50.554],[90.331,50.649],[90.564,50.823],[90.974,51.13],[91.342,51.287],[91.802,51.344],[92.349,51.507],[94.245,51.597],[95.8,51.209],[96.177,50.999]]]}},{"type":"Feature","properties":{"n":"Monts Taihang","r":4,"g":"Asia"},"geometry":{"type":"Polygon","coordinates":[[[113.863,35.477],[113.251,35.356],[113.155,35.36],[113.095,35.388],[113.066,35.438],[113.06,35.507],[113.171,36.071],[113.097,36.758],[112.989,37.075],[112.966,37.215],[112.98,37.325],[113.059,37.589],[113.063,37.662],[113.053,37.725],[112.91,38],[112.889,38.065],[112.876,38.209],[112.899,38.335],[112.948,38.448],[113.243,38.865],[113.297,38.985],[113.325,39.117],[113.34,40.957],[113.259,41.223],[113.259,41.274],[113.273,41.324],[113.304,41.372],[113.342,41.409],[113.387,41.436],[113.489,41.467],[113.703,41.488],[113.751,41.504],[113.961,41.634],[114.014,41.653],[114.081,41.666],[114.224,41.662],[114.503,41.582],[114.638,41.516],[114.758,41.423],[114.804,41.369],[114.842,41.308],[114.87,41.242],[114.897,41.089],[114.893,40.98],[114.84,40.786],[114.661,40.43],[114.609,40.266],[114.603,40.12],[114.687,39.728],[114.684,39.71],[114.675,39.701],[114.648,39.692],[114.637,39.683],[114.633,39.665],[114.641,39.592],[114.634,39.553],[114.558,39.4],[114.546,39.36],[114.543,39.194],[114.536,39.157],[114.436,38.971],[114.394,38.837],[114.403,37.908],[114.411,37.027],[114.413,36.757],[114.418,36.235],[114.392,36.138],[114.347,36.039],[114,35.574],[113.933,35.517],[113.863,35.477]]]}},{"type":"Feature","properties":{"n":"Lüliang","r":4,"g":"Asia"},"geometry":{"type":"Polygon","coordinates":[[[112.518,34.784],[112.217,34.718],[112.121,34.734],[111.917,34.832],[111.847,34.846],[111.804,34.847],[111.764,34.86],[111.667,34.869],[111.577,34.913],[111.497,34.984],[111.368,35.177],[111.291,35.385],[111.268,35.991],[111.264,36.095],[111.217,37.359],[111.298,37.74],[111.299,37.877],[111.145,38.377],[111.136,38.486],[111.165,38.702],[111.554,39.879],[111.58,40.084],[111.568,40.364],[111.588,40.45],[111.627,40.521],[111.671,40.571],[111.933,40.756],[112.142,40.966],[112.196,41.004],[112.211,41.011],[112.333,40.719],[112.593,39.368],[112.702,39.144],[112.733,39.017],[112.829,37.765],[112.96,37.334],[113.034,35.506],[112.985,35.172],[112.916,34.952],[112.889,34.907],[112.857,34.873],[112.824,34.852],[112.821,34.85],[112.518,34.784]]]}},{"type":"Feature","properties":{"n":"Monts Qinling","r":4,"g":"Asia"},"geometry":{"type":"Polygon","coordinates":[[[112.992,34.728],[113.391,34.117],[113.411,34.046],[113.392,34.011],[113.334,33.981],[113.307,33.945],[113.307,33.904],[113.326,33.858],[113.598,33.484],[114.169,32.942],[114.193,32.896],[114.205,32.854],[114.203,32.815],[114.19,32.777],[113.989,32.551],[113.963,32.533],[113.937,32.525],[113.907,32.528],[113.87,32.545],[112.764,33.513],[112.581,33.605],[112.525,33.619],[112.414,33.616],[112.415,33.554],[112.433,33.497],[112.485,33.394],[112.499,33.349],[112.492,33.308],[112.453,33.272],[112.373,33.239],[112.297,33.221],[112.228,33.216],[112.163,33.222],[111.859,33.335],[111.859,33.287],[111.873,33.245],[111.939,33.139],[111.954,33.101],[111.957,33.058],[111.944,33.008],[111.933,32.989],[111.839,32.902],[111.827,32.886],[111.812,32.85],[111.792,32.773],[111.785,32.756],[111.776,32.743],[111.685,32.682],[111.568,32.662],[110.774,32.849],[110.488,32.815],[109.935,32.653],[109.793,32.634],[108.931,32.701],[108.841,32.73],[108.576,32.889],[107.598,33.272],[105.889,33.198],[105.592,33.234],[105.463,33.28],[105.356,33.353],[105.243,33.482],[105.147,33.639],[105.074,33.809],[105.032,33.976],[105.028,34.035],[105.032,34.087],[105.044,34.134],[105.088,34.216],[105.292,34.441],[105.402,34.52],[105.52,34.577],[105.771,34.642],[106.256,34.659],[106.847,34.556],[107.349,34.539],[107.848,34.358],[109.214,34.347],[111.14,34.801],[111.407,34.792],[112.075,34.672],[112.223,34.679],[112.518,34.784],[112.708,34.851],[112.809,34.857],[112.824,34.852],[112.903,34.821],[112.992,34.728]]]}},{"type":"Feature","properties":{"n":"Monts Dalou","r":4,"g":"Asia"},"geometry":{"type":"Polygon","coordinates":[[[107.845,29.242],[107.886,29.226],[107.9,29.229],[108.037,29.351],[108.051,29.356],[108.08,29.339],[108.15,29.241],[108.274,28.951],[108.337,28.583],[108.333,28.554],[108.32,28.509],[108.306,28.48],[108.292,28.463],[108.248,28.429],[108.232,28.406],[108.215,28.369],[108.139,27.917],[108.109,27.853],[108.074,27.808],[107.979,27.734],[107.757,27.616],[107.454,27.381],[107.391,27.351],[107.328,27.337],[107,27.377],[106.667,27.342],[106.595,27.315],[106.567,27.295],[106.529,27.27],[106.252,26.962],[106.127,26.868],[106.088,26.815],[106.076,26.763],[106.094,26.615],[106.085,26.568],[106.049,26.521],[105.964,26.454],[105.888,26.414],[105.819,26.395],[105.446,26.409],[105.406,26.429],[105.378,26.463],[105.313,26.59],[105.281,26.624],[104.891,26.748],[104.826,26.752],[104.788,26.762],[104.767,26.777],[104.745,26.822],[104.727,26.849],[104.691,26.879],[104.543,26.954],[104.396,27.072],[104.006,27.61],[103.911,27.813],[103.852,28.052],[103.852,28.097],[103.862,28.138],[103.886,28.179],[103.926,28.221],[104.117,28.37],[104.175,28.436],[104.218,28.52],[104.237,28.575],[104.255,28.609],[104.281,28.629],[104.282,28.629],[104.317,28.639],[104.504,28.645],[104.681,28.684],[105.092,28.681],[105.191,28.7],[105.296,28.745],[105.344,28.779],[105.412,28.828],[105.457,28.849],[105.516,28.853],[105.768,28.814],[105.805,28.809],[105.871,28.81],[105.926,28.828],[106.167,29.023],[106.713,29.466],[106.916,29.537],[106.96,29.553],[106.973,29.555],[107.099,29.574],[107.255,29.639],[107.281,29.644],[107.311,29.641],[107.345,29.628],[107.39,29.598],[107.559,29.38],[107.6,29.349],[107.744,29.299],[107.845,29.242]]]}},{"type":"Feature","properties":{"n":"Monts Dângrêk","r":4,"g":"Asia"},"geometry":{"type":"Polygon","coordinates":[[[101.683,15.096],[104.869,14.923],[105.039,14.942],[105.205,14.986],[105.387,15.086],[105.419,15.092],[105.451,15.089],[105.476,15.078],[105.68,14.871],[105.722,14.81],[105.748,14.745],[105.76,14.672],[105.758,14.529],[105.739,14.433],[105.705,14.343],[105.658,14.262],[105.596,14.192],[105.522,14.134],[105.434,14.092],[105.232,14.057],[105.036,14.06],[104.308,14.257],[103.953,14.276],[103.207,14.157],[103.156,14.141],[103.108,14.118],[103.064,14.085],[102.879,13.887],[102.843,13.863],[102.802,13.845],[102.739,13.834],[102.543,13.83],[102.473,13.883],[101.23,14.256],[100.785,14.614],[100.747,14.659],[100.718,14.713],[100.654,14.933],[100.646,14.987],[100.649,15.017],[100.668,15.073],[100.765,15.244],[101.084,15.545],[101.115,15.562],[101.147,15.569],[101.188,15.564],[101.229,15.547],[101.31,15.489],[101.437,15.348],[101.544,15.181],[101.588,15.135],[101.612,15.119],[101.635,15.107],[101.683,15.096]]]}},{"type":"Feature","properties":{"n":"Monts Naga","r":4,"g":"Asia"},"geometry":{"type":"Polygon","coordinates":[[[94.074,23.346],[94.024,23.337],[93.968,23.393],[93.936,23.426],[93.744,23.431],[93.697,23.442],[93.657,23.462],[93.62,23.495],[93.361,23.956],[93.312,24.102],[93.301,24.183],[93.305,24.376],[93.848,25.986],[94.025,26.225],[94.704,26.865],[95.494,27.286],[95.619,27.294],[95.721,27.257],[95.8,27.185],[95.859,27.087],[95.897,26.972],[95.92,26.731],[95.907,26.621],[95.876,26.53],[95.853,26.494],[95.825,26.449],[95.706,26.343],[95.368,26.04],[95.202,25.814],[95.075,25.639],[94.867,25.191],[94.641,24.297],[94.581,24.163],[94.502,24.045],[94.256,23.788],[94.233,23.746],[94.172,23.426],[94.158,23.399],[94.139,23.376],[94.112,23.359],[94.074,23.346]]]}},{"type":"Feature","properties":{"n":"chaîne de l'Arakan","r":4,"g":"Asia"},"geometry":{"type":"Polygon","coordinates":[[[94.907,17.227],[94.833,17.239],[94.799,17.253],[94.768,17.273],[94.765,17.276],[94.739,17.3],[94.712,17.335],[94.624,17.517],[94.461,18.178],[94.418,18.231],[94.407,18.245],[94.266,18.507],[94.262,18.533],[94.276,18.744],[94.278,18.784],[94.212,19.116],[94.136,19.307],[94.038,19.474],[93.683,19.882],[93.707,19.912],[93.658,19.911],[93.513,20.077],[93.49,20.114],[93.478,20.155],[93.481,20.202],[93.521,20.295],[93.519,20.382],[93.494,20.462],[93.424,20.575],[93.306,20.763],[93.271,20.843],[93.256,20.93],[93.267,21.046],[93.307,21.141],[93.371,21.215],[93.453,21.271],[93.55,21.31],[93.646,21.325],[93.766,21.343],[93.876,21.34],[93.978,21.322],[94.067,21.285],[94.144,21.233],[94.209,21.167],[94.264,21.089],[94.343,20.909],[94.377,20.755],[94.391,20.526],[94.415,20.42],[94.439,20.372],[94.508,20.291],[94.749,20.081],[94.851,19.92],[94.992,19.542],[95.107,17.609],[95.125,17.292],[95.123,17.269],[95.111,17.253],[95.087,17.242],[94.907,17.227]]]}},{"type":"Feature","properties":{"n":"Ghats occidentaux du Sud","r":4,"g":"Asia"},"geometry":{"type":"Polygon","coordinates":[[[78.481,10.726],[78.58,10.46],[78.601,10.32],[78.591,10.178],[78.568,10.103],[78.531,10.036],[78.424,9.921],[78.148,9.745],[77.532,9.482],[77.445,9.414],[77.371,9.327],[77.329,9.207],[77.361,9.097],[77.745,8.664],[77.781,8.532],[77.743,8.38],[77.761,8.397],[77.737,8.328],[77.678,8.288],[77.594,8.273],[77.496,8.278],[77.297,8.327],[77.216,8.362],[77.162,8.396],[77.12,8.44],[77.09,8.489],[76.994,8.826],[76.534,9.615],[76.404,9.953],[76.344,10.305],[76.366,10.624],[76.369,10.671],[76.538,10.638],[76.765,10.552],[76.875,10.511],[77.055,10.477],[77.177,10.484],[77.269,10.513],[77.575,10.669],[77.826,10.724],[78.481,10.726]]]}},{"type":"Feature","properties":{"n":"Satpura","r":4,"g":"Asia"},"geometry":{"type":"Polygon","coordinates":[[[79.311,21.671],[79.25,21.647],[79.182,21.633],[78.654,21.649],[78.507,21.627],[78.319,21.565],[77.629,21.221],[77.45,21.184],[76.815,21.163],[76.558,21.064],[75.307,21.07],[75.155,21.104],[75.086,21.135],[75.023,21.179],[74.965,21.236],[74.912,21.31],[74.88,21.372],[74.863,21.429],[74.859,21.483],[74.868,21.533],[74.887,21.582],[74.917,21.629],[75.002,21.724],[75.026,21.83],[75.048,21.869],[75.08,21.904],[75.16,21.963],[75.248,22.004],[77.564,22.44],[78.022,22.673],[78.37,22.752],[78.764,22.915],[79.673,22.978],[79.765,22.957],[79.808,22.935],[79.847,22.904],[79.884,22.862],[79.93,22.787],[79.931,22.785],[80.006,22.593],[80.01,22.562],[80.016,22.507],[80.006,22.452],[79.982,22.407],[79.949,22.37],[79.725,22.219],[79.662,22.146],[79.547,21.915],[79.463,21.798],[79.366,21.705],[79.311,21.671]]]}},{"type":"Feature","properties":{"n":"Salt Range","r":4,"g":"Asia"},"geometry":{"type":"Polygon","coordinates":[[[73.239,32.91],[73.163,32.906],[72.897,32.942],[72.823,32.963],[72.743,33.015],[72.69,33.068],[72.655,33.122],[72.635,33.179],[72.627,33.238],[72.648,33.493],[72.632,33.881],[72.639,33.949],[72.661,33.998],[72.693,34.031],[72.737,34.053],[72.789,34.067],[73.131,34.095],[73.506,34.126],[73.556,34.13],[73.739,34.146],[73.813,34.152],[73.885,34.158],[73.913,34.155],[73.967,34.149],[74.406,34.104],[74.478,34.096],[75.167,33.918],[75.208,33.894],[75.24,33.863],[75.259,33.823],[75.266,33.362],[75.201,33.198],[75.189,33.183],[75.174,33.169],[75.141,33.152],[74.818,33.082],[74.713,33.075],[74.516,33.061],[73.921,33.02],[73.512,32.992],[73.407,32.96],[73.239,32.91]]]}},{"type":"Feature","properties":{"n":"Montagnes Borohoro","r":4,"g":"Asia"},"geometry":{"type":"Polygon","coordinates":[[[85.676,44.061],[86.771,43.605],[86.844,43.543],[86.889,43.468],[86.9,43.378],[86.849,43.224],[86.743,43.107],[86.595,43.024],[86.418,42.971],[86.035,42.938],[85.704,42.978],[83.58,43.599],[83.345,43.668],[82.237,43.739],[82.08,43.797],[81.959,43.887],[81.853,43.94],[81.796,43.926],[81.722,43.93],[81.243,44.107],[81.184,44.168],[81.152,44.276],[81.15,44.413],[81.177,44.563],[81.235,44.709],[81.325,44.836],[81.449,44.925],[81.608,44.96],[82.14,44.902],[83.024,44.591],[83.637,44.498],[84.67,44.341],[85.192,44.261],[85.676,44.061]]]}},{"type":"Feature","properties":{"n":"Col d'Alataw","r":4,"g":"Asia"},"geometry":{"type":"Polygon","coordinates":[[[82.049,45.672],[82.153,45.663],[82.238,45.677],[82.713,45.966],[82.818,46.004],[82.919,46.013],[83.017,45.986],[83.076,45.926],[83.184,45.685],[83.249,45.388],[83.255,45.259],[83.236,45.164],[83.189,45.12],[81.832,45.194],[81.479,45.139],[81.426,45.113],[81.372,45.065],[81.227,44.822],[81.006,44.576],[80.976,44.51],[80.906,44.437],[80.776,44.398],[79.861,44.367],[79.755,44.326],[79.597,44.229],[79.084,44.071],[78.807,43.935],[78.771,43.929],[78.733,43.932],[78.574,43.977],[78.537,43.981],[78.048,43.94],[77.737,43.94],[77.707,43.96],[77.681,44],[77.586,44.221],[77.56,44.255],[77.53,44.266],[77.028,44.229],[76.917,44.246],[76.835,44.287],[76.792,44.357],[76.801,44.464],[76.859,44.59],[76.94,44.671],[77.038,44.718],[77.36,44.781],[77.454,44.815],[78.176,45.476],[78.312,45.555],[78.704,45.647],[79.907,45.702],[80.047,45.766],[80.521,46.182],[80.659,46.265],[80.821,46.314],[80.891,46.308],[80.966,46.275],[81.43,45.908],[81.814,45.737],[82.049,45.672]]]}},{"type":"Feature","properties":{"n":"Monts Khasi","r":4,"g":"Asia"},"geometry":{"type":"Polygon","coordinates":[[[93.932,26.487],[93.382,25.726],[93.37,25.693],[93.381,25.669],[93.429,25.612],[93.453,25.541],[93.456,25.46],[93.44,25.377],[93.408,25.296],[93.362,25.223],[93.305,25.165],[93.239,25.125],[93.152,25.1],[93.067,25.091],[92.984,25.095],[91.982,25.318],[90.668,25.289],[90.479,25.341],[90.402,25.38],[90.37,25.412],[90.345,25.459],[90.318,25.581],[90.318,25.714],[90.339,25.826],[90.362,25.875],[90.394,25.912],[90.432,25.94],[90.475,25.96],[90.573,25.979],[90.677,25.983],[90.65,25.983],[90.767,26.022],[91.136,26.069],[91.838,26.261],[92.49,26.282],[92.736,26.339],[92.808,26.376],[92.865,26.424],[93.006,26.621],[93.033,26.648],[93.062,26.656],[93.767,26.66],[93.866,26.638],[93.938,26.599],[93.952,26.555],[93.932,26.487]]]}},{"type":"Feature","properties":{"n":"Petit Caucase","r":4,"g":"Asia"},"geometry":{"type":"Polygon","coordinates":[[[45.286,41.348],[45.592,41.203],[46.44,40.693],[46.546,40.608],[46.699,40.417],[46.789,40.325],[47.005,40.148],[47.115,40.038],[47.183,39.932],[47.19,39.875],[47.175,39.671],[47.186,39.564],[47.208,39.445],[47.223,39.329],[47.212,39.23],[47.144,39.128],[47.043,39.078],[46.925,39.06],[46.805,39.054],[46.571,39.027],[46.456,39.026],[46.333,39.054],[46.159,39.131],[45.992,39.229],[45.673,39.443],[45.324,39.641],[45.216,39.718],[45.133,39.805],[45.067,39.905],[44.871,40.251],[44.779,40.368],[44.665,40.448],[44.515,40.479],[44.456,40.474],[44.393,40.467],[44.33,40.463],[44.268,40.472],[44.221,40.495],[44.144,40.539],[44.07,40.587],[44.03,40.622],[43.998,40.736],[43.994,40.859],[43.975,40.976],[43.897,41.07],[43.836,41.093],[43.767,41.1],[43.626,41.099],[43.33,41.122],[43.231,41.119],[43.02,41.141],[42.716,41.254],[42.611,41.293],[42.395,41.329],[42.233,41.317],[42.146,41.315],[42.076,41.328],[42.027,41.366],[42,41.386],[41.947,41.427],[41.884,41.571],[41.884,41.732],[41.889,41.746],[41.943,41.881],[42.023,41.974],[42.129,42.049],[42.259,42.106],[42.411,42.141],[42.486,42.146],[42.637,42.148],[42.71,42.157],[42.964,42.23],[43.048,42.246],[43.198,42.246],[43.344,42.217],[43.611,42.122],[43.763,42.081],[44.226,42.049],[44.368,42.001],[44.487,41.908],[44.585,41.789],[44.666,41.659],[44.787,41.52],[44.931,41.452],[45.099,41.409],[45.286,41.348]]]}},{"type":"Feature","properties":{"n":"chaîne pontique","r":4,"g":"Asia"},"geometry":{"type":"Polygon","coordinates":[[[35.653,41.626],[35.713,41.64],[35.814,41.689],[35.85,41.687],[35.908,41.651],[35.941,41.621],[35.995,41.552],[36.023,41.519],[36.149,41.404],[36.275,41.322],[36.341,41.3],[36.382,41.286],[36.405,41.275],[36.51,41.263],[36.513,41.266],[36.519,41.265],[36.594,41.259],[36.854,41.254],[36.982,41.233],[37.033,41.213],[37.047,41.208],[37.066,41.184],[37.135,41.171],[37.167,41.156],[37.187,41.148],[37.225,41.134],[37.354,41.101],[37.419,41.088],[37.422,41.087],[37.615,41.065],[37.618,41.065],[37.686,41.049],[37.837,40.999],[37.894,40.985],[37.898,40.984],[37.915,40.98],[37.991,40.973],[38.053,40.973],[38.082,40.974],[38.381,40.925],[38.557,40.937],[38.683,40.971],[38.733,40.967],[38.88,40.955],[38.947,40.963],[39.076,41.015],[39.147,41.037],[39.236,41.051],[39.264,41.053],[39.28,41.053],[39.442,41.061],[39.544,41.058],[39.545,41.058],[39.59,41.053],[39.808,40.983],[39.911,40.966],[40,40.977],[40.128,40.943],[40.265,40.961],[40.327,40.983],[40.398,40.976],[40.458,40.976],[40.505,40.987],[40.548,41.006],[40.595,41.033],[40.704,41.081],[40.819,41.113],[41.174,41.165],[41.291,41.195],[41.399,41.242],[41.491,41.315],[41.503,41.331],[41.54,41.381],[41.626,41.536],[41.671,41.606],[41.718,41.667],[41.744,41.697],[41.772,41.723],[41.805,41.746],[41.842,41.756],[41.881,41.751],[41.889,41.746],[41.923,41.727],[41.967,41.673],[42.004,41.596],[42.026,41.514],[42.027,41.446],[42,41.386],[41.99,41.364],[41.902,41.167],[41.579,40.801],[41.002,40.449],[40.118,40.213],[39.087,40.143],[38.136,40.2],[37.308,40.345],[35.593,40.896],[35.057,41.021],[34.462,41.102],[34.263,41.145],[34.112,41.236],[34.051,41.378],[34.122,41.57],[34.309,41.767],[34.535,41.881],[34.788,41.92],[35.058,41.894],[35.127,41.872],[35.133,41.869],[35.149,41.861],[35.209,41.794],[35.298,41.729],[35.558,41.634],[35.58,41.639],[35.597,41.632],[35.599,41.632],[35.653,41.626]]]}},{"type":"Feature","properties":{"n":"Kūh-e Do Rūd","r":4,"g":"Asia"},"geometry":{"type":"Polygon","coordinates":[[[55.923,28.914],[55.732,28.902],[55.576,28.948],[55.418,29.025],[54.845,29.352],[54.749,29.386],[54.563,29.418],[54.478,29.438],[54.379,29.48],[54.157,29.62],[53.972,29.783],[53.812,29.962],[53.66,30.153],[53.459,30.376],[53.027,30.799],[52.835,31.038],[52.554,31.5],[52.437,31.646],[52.171,31.906],[52.057,32.048],[51.98,32.214],[51.921,32.551],[51.876,32.712],[51.78,32.859],[51.535,33.049],[51.269,33.164],[50.995,33.263],[50.726,33.4],[50.625,33.482],[50.569,33.561],[50.536,33.651],[50.503,33.769],[50.466,33.865],[50.417,33.938],[50.129,34.248],[49.998,34.454],[49.953,34.67],[50.062,34.866],[50.141,34.906],[50.22,34.902],[50.299,34.866],[50.379,34.816],[50.785,34.526],[50.915,34.383],[51.097,34.058],[51.231,33.906],[51.374,33.8],[51.527,33.707],[52.074,33.446],[52.181,33.383],[52.264,33.299],[52.3,33.233],[52.322,33.163],[52.351,33.005],[52.463,32.693],[52.649,32.413],[53.326,31.634],[54.448,30.634],[54.788,30.375],[55.145,30.138],[55.948,29.704],[56.128,29.55],[56.213,29.348],[56.185,29.156],[56.081,29.006],[55.923,28.914]]]}},{"type":"Feature","properties":{"n":"Grand Balkan","r":4,"g":"Europe"},"geometry":{"type":"Polygon","coordinates":[[[23.585,43.506],[25.222,43.373],[25.688,43.403],[26.054,43.466],[26.431,43.499],[26.769,43.504],[27.021,43.48],[27.197,43.449],[27.332,43.403],[27.414,43.3],[27.431,43.096],[27.301,42.911],[26.891,42.693],[26.142,42.529],[24.995,42.506],[23.832,42.626],[23.297,42.739],[22.919,42.891],[22.654,43.132],[22.438,43.439],[22.327,43.702],[22.38,43.814],[22.597,43.769],[23.253,43.565],[23.585,43.506]]]}},{"type":"Feature","properties":{"n":"Alpes dinariques","r":4,"g":"Europe"},"geometry":{"type":"MultiPolygon","coordinates":[[[[16.564,45.164],[17.144,45.049],[19.508,44.763],[19.695,44.717],[19.929,44.643],[19.95,44.636],[20.061,44.6],[20.554,44.48],[20.712,44.421],[20.782,44.383],[20.84,44.339],[20.891,44.288],[20.991,44.172],[21.044,44.128],[21.164,44.046],[21.272,43.945],[21.377,43.811],[21.468,43.666],[21.538,43.531],[21.589,43.401],[21.631,43.245],[21.644,43.088],[21.611,42.953],[21.554,42.878],[21.472,42.806],[21.223,42.616],[21.174,42.591],[21.128,42.584],[21.047,42.619],[20.891,42.734],[20.8,42.768],[20.656,42.767],[20.54,42.725],[19.986,42.322],[19.88,42.224],[19.812,42.171],[19.731,42.123],[19.656,42.071],[19.606,42.003],[19.597,41.959],[19.603,41.92],[19.612,41.885],[19.616,41.854],[19.612,41.839],[19.601,41.825],[19.592,41.819],[19.581,41.813],[19.553,41.803],[19.468,41.856],[19.342,41.869],[19.186,41.949],[19.122,42.06],[19.033,42.135],[19.03,42.141],[18.996,42.231],[18.854,42.325],[18.63,42.417],[18.633,42.423],[18.646,42.443],[18.592,42.444],[18.577,42.438],[18.556,42.447],[18.545,42.453],[18.25,42.605],[18.223,42.617],[18.209,42.622],[18.047,42.692],[18.035,42.698],[17.98,42.722],[17.824,42.797],[17.793,42.802],[17.785,42.806],[17.773,42.811],[17.681,42.851],[17.585,42.899],[17.724,42.851],[17.668,42.897],[17.585,42.938],[17.537,42.962],[17.33,43.115],[17.129,43.211],[16.903,43.392],[16.6,43.464],[16.394,43.543],[16.269,43.531],[16.131,43.506],[16.076,43.506],[16.025,43.524],[15.946,43.587],[15.949,43.607],[15.942,43.657],[15.821,43.736],[15.675,43.802],[15.662,43.814],[15.636,43.838],[15.468,43.991],[15.41,44.052],[15.378,44.114],[15.368,44.187],[15.374,44.277],[15.373,44.288],[15.372,44.289],[15.471,44.272],[15.381,44.328],[15.366,44.336],[15.36,44.375],[15.3,44.436],[15.115,44.525],[15.104,44.533],[15.016,44.594],[14.92,44.686],[14.894,44.72],[14.885,44.818],[14.907,44.971],[14.855,45.081],[14.632,45.223],[14.55,45.298],[14.386,45.342],[14.359,45.341],[14.329,45.351],[14.322,45.351],[14.28,45.353],[14.179,45.346],[14.13,45.349],[14.086,45.362],[14.042,45.383],[13.957,45.432],[13.854,45.51],[13.788,45.597],[13.778,45.613],[13.774,45.621],[13.783,45.627],[13.754,45.654],[13.754,45.655],[13.734,45.688],[13.718,45.711],[13.667,45.783],[13.602,45.976],[13.596,45.994],[13.719,46.145],[13.939,46.22],[14.156,46.202],[14.454,46.098],[14.989,45.913],[15.204,45.822],[15.987,45.401],[16.564,45.164]]],[[[16.774,43.359],[16.834,43.351],[16.891,43.315],[16.878,43.302],[16.774,43.359]]],[[[14.776,45.001],[14.771,45.026],[14.81,44.977],[14.779,44.972],[14.776,45.001]]]]}},{"type":"Feature","properties":{"n":"Cordillère Cantabrique","r":4,"g":"Europe"},"geometry":{"type":"Polygon","coordinates":[[[-3.076,43.263],[-2.88,43.256],[-2.278,43.268],[-2.192,43.27],[-2.157,43.271],[-2.008,43.237],[-1.97,43.198],[-1.908,43.135],[-1.946,42.984],[-1.974,42.87],[-2.359,42.772],[-5.514,42.798],[-6.401,42.682],[-6.692,42.686],[-6.988,42.737],[-7.068,42.76],[-7.157,42.792],[-7.245,42.833],[-7.323,42.882],[-7.383,42.943],[-7.412,43.013],[-7.398,43.093],[-7.331,43.182],[-7.153,43.299],[-6.948,43.357],[-5.666,43.428],[-3.47,43.334],[-3.265,43.286],[-3.076,43.263]]]}},{"type":"Feature","properties":{"n":"Sierra Nevada","r":4,"g":"Europe"},"geometry":{"type":"Polygon","coordinates":[[[-2.942,36.841],[-3.184,36.831],[-3.789,36.864],[-4.375,36.937],[-4.456,36.952],[-4.54,36.977],[-4.618,37.013],[-4.678,37.061],[-4.703,37.099],[-4.714,37.143],[-4.709,37.193],[-4.686,37.249],[-4.53,37.435],[-4.321,37.568],[-3.868,37.764],[-3.663,37.831],[-3.4,37.884],[-3.135,37.916],[-2.924,37.92],[-2.757,37.898],[-2.25,37.774],[-2.119,37.731],[-2.021,37.658],[-1.971,37.551],[-1.982,37.407],[-2.033,37.202],[-2.078,37.104],[-2.152,37.022],[-2.274,36.963],[-2.419,36.931],[-2.708,36.884],[-2.827,36.857],[-2.942,36.841]]]}},{"type":"Feature","properties":{"n":"Sierra Morena","r":4,"g":"Europe"},"geometry":{"type":"Polygon","coordinates":[[[-2.908,38.734],[-2.837,38.73],[-2.746,38.733],[-2.699,38.731],[-2.656,38.724],[-2.578,38.694],[-2.528,38.654],[-2.5,38.597],[-2.493,38.517],[-2.503,38.431],[-2.531,38.365],[-2.581,38.313],[-2.654,38.27],[-2.749,38.222],[-2.797,38.204],[-2.85,38.195],[-3.071,38.179],[-3.145,38.166],[-3.354,38.102],[-3.461,38.084],[-3.561,38.1],[-3.664,38.131],[-4.096,38.167],[-4.209,38.163],[-4.32,38.147],[-4.535,38.094],[-4.567,38.082],[-4.604,38.055],[-4.669,37.985],[-4.707,37.957],[-4.769,37.933],[-4.838,37.92],[-4.975,37.906],[-5.037,37.893],[-5.762,37.668],[-6.122,37.602],[-6.296,37.559],[-6.606,37.417],[-6.76,37.375],[-6.918,37.36],[-7.074,37.375],[-7.133,37.392],[-7.179,37.417],[-7.206,37.457],[-7.21,37.518],[-7.191,37.592],[-7.157,37.652],[-7.07,37.766],[-7.014,37.863],[-6.984,37.906],[-6.941,37.943],[-6.781,38.035],[-6.611,38.119],[-6.436,38.189],[-6.218,38.255],[-6.143,38.294],[-6.104,38.312],[-5.85,38.4],[-5.778,38.415],[-5.706,38.421],[-5.638,38.418],[-5.497,38.394],[-5.427,38.392],[-5.355,38.411],[-5.261,38.469],[-5.091,38.616],[-4.995,38.668],[-4.874,38.699],[-4.15,38.795],[-4.04,38.821],[-3.923,38.837],[-3.804,38.83],[-3.567,38.796],[-3.228,38.778],[-2.908,38.734]]]}},{"type":"Feature","properties":{"n":"Hadramaout","r":4,"g":"Asia"},"geometry":{"type":"Polygon","coordinates":[[[48.649,14.049],[48.594,14.046],[48.449,14.006],[48.335,14],[48.331,14.001],[48.175,14.016],[47.99,14.048],[47.931,14.02],[47.894,14.018],[47.757,13.988],[47.628,13.933],[47.288,13.742],[47.057,13.646],[46.819,13.615],[46.602,13.7],[46.537,13.821],[46.524,13.999],[46.565,14.516],[46.599,14.694],[46.66,14.863],[46.758,15.016],[46.953,15.216],[47.015,15.291],[47.146,15.474],[47.22,15.56],[47.305,15.633],[47.483,15.74],[48.678,16.346],[49.326,16.552],[49.996,16.69],[51.211,16.873],[51.49,16.878],[51.694,16.807],[51.773,16.696],[51.83,16.545],[51.866,16.385],[51.883,16.249],[51.874,16.085],[51.809,15.773],[51.804,15.615],[51.755,15.442],[51.749,15.44],[51.683,15.38],[51.681,15.379],[51.604,15.337],[51.322,15.226],[51.086,15.16],[50.828,15.113],[50.542,15.054],[50.404,15.011],[50.191,14.924],[50.1,14.887],[49.917,14.843],[49.546,14.792],[49.293,14.671],[49.176,14.541],[49.103,14.5],[49.048,14.456],[49.005,14.355],[48.929,14.267],[48.815,14.158],[48.649,14.049]]]}},{"type":"Feature","properties":{"n":"chaîne de l'Amirauté","r":4,"g":"Antarctica"},"geometry":{"type":"Polygon","coordinates":[[[169.878,-71.645],[170.024,-71.593],[170.162,-71.63],[170.25,-71.569],[170.263,-71.508],[170.346,-71.478],[170.479,-71.846],[170.435,-71.908],[170.406,-71.948],[170.224,-71.948],[170.03,-72.116],[169.954,-72.403],[170.084,-72.399],[169.978,-72.547],[167.763,-72.163],[167.475,-71.607],[167.603,-71.365],[167.834,-71.191],[167.939,-71.214],[169.878,-71.645]]]}},{"type":"Feature","properties":{"n":"Monts du Prince-Albert","r":4,"g":"Antarctica"},"geometry":{"type":"Polygon","coordinates":[[[162.35,-76.259],[162.483,-76.626],[161.982,-77.328],[160.707,-77.107],[159.831,-76.74],[159.904,-76.443],[160.092,-75.971],[161.882,-75.84],[162.35,-76.259]]]}},{"type":"Feature","properties":{"n":"Monts de la Reine-Alexandra","r":4,"g":"Antarctica"},"geometry":{"type":"Polygon","coordinates":[[[171.259,-83.678],[168.402,-84.821],[167.122,-84.747],[164.95,-84.725],[164.023,-84.406],[165.044,-83.862],[166.065,-83.546],[167.424,-83.479],[171.259,-83.678]]]}},{"type":"Feature","properties":{"n":"Chaîne Flood","r":4,"g":"Antarctica"},"geometry":{"type":"Polygon","coordinates":[[[-131.292,-76.417],[-133.917,-76.75],[-136.25,-76.583],[-136.542,-76.083],[-135.917,-75.542],[-135.083,-75.292],[-133.083,-75.125],[-131,-75.042],[-131,-75.958],[-131.292,-76.417]]]}},{"type":"Feature","properties":{"n":"Chaîne Ford","r":4,"g":"Antarctica"},"geometry":{"type":"Polygon","coordinates":[[[-143.5,-76.417],[-143.792,-77.292],[-144.542,-78.208],[-148.083,-79],[-148.774,-78.744],[-149.208,-78.583],[-149.208,-78.255],[-149.208,-78.042],[-147.333,-77.625],[-146.334,-77.475],[-146.074,-77.487],[-145.677,-77.488],[-145.601,-77.455],[-145.65,-77.398],[-145.674,-77.376],[-145.667,-77.375],[-145.603,-77.215],[-145.516,-77.199],[-145.563,-77.162],[-145.579,-77.157],[-145.333,-76.542],[-145.208,-76],[-144.333,-75.792],[-143.333,-75.667],[-143.5,-76.417]]]}},{"type":"Feature","properties":{"n":"Montagnes du Prince Charles","r":4,"g":"Antarctica"},"geometry":{"type":"Polygon","coordinates":[[[64.809,-73.942],[63.688,-73.562],[65.688,-71.625],[66.938,-70.5],[67.603,-70.318],[67.659,-70.326],[67.941,-70.423],[68.559,-70.412],[68.757,-70.37],[69.021,-70.325],[69.029,-70.326],[68.976,-70.631],[67.777,-71.544],[66.464,-72.972],[64.809,-73.942]]]}},{"type":"Feature","properties":{"n":"Massif Scott","r":4,"g":"Antarctica"},"geometry":{"type":"Polygon","coordinates":[[[51.291,-67.426],[51.103,-67.831],[49.792,-67.917],[49.271,-67.875],[49.354,-67.563],[49.904,-67.325],[50.699,-67.282],[51.291,-67.426]]]}},{"type":"Feature","properties":{"n":"Monts Napier","r":4,"g":"Antarctica"},"geometry":{"type":"Polygon","coordinates":[[[54.628,-66.069],[55.379,-66.155],[56.044,-66.43],[55.87,-67.152],[54.758,-67.239],[53.501,-67.065],[53.256,-66.661],[53.674,-66.126],[54.628,-66.069]]]}},{"type":"Feature","properties":{"n":"chaîne Shackleton","r":4,"g":"Antarctica"},"geometry":{"type":"Polygon","coordinates":[[[-18.527,-80.344],[-18.295,-80.91],[-18.596,-80.963],[-19.271,-81.078],[-19.98,-81.193],[-20.042,-81.201],[-20.382,-81.245],[-20.882,-81.218],[-21.92,-81.154],[-23.121,-81.078],[-24.115,-81.014],[-24.529,-80.987],[-29.965,-81.065],[-30.454,-80.678],[-29.115,-80.215],[-27.209,-80.163],[-25.093,-80.08],[-24.24,-80.062],[-24.166,-80.044],[-21.283,-79.931],[-20.042,-80.117],[-18.527,-80.344]]]}}]}